District,Year,Annual_Average_Solar_Irradiance_kWh_m2_day
Bhojpur,1984,4.4594
Bhojpur,1985,4.3999
Bhojpur,1986,4.7513
Bhojpur,1987,4.4086
Bhojpur,1988,4.4844
Bhojpur,1989,4.6162
Bhojpur,1990,4.5662
Bhojpur,1991,4.5406
Bhojpur,1992,4.6704
Bhojpur,1993,4.4645
Bhojpur,1994,4.4849
Bhojpur,1995,4.589
Bhojpur,1996,4.6001
Bhojpur,1997,4.3718
Bhojpur,1998,4.5163
Bhojpur,1999,4.5934
Bhojpur,2000,4.2636
Bhojpur,2001,4.4174
Bhojpur,2002,4.2941
Bhojpur,2003,4.2072
Bhojpur,2004,4.1011
Bhojpur,2005,4.3322
Bhojpur,2006,4.3181
Bhojpur,2007,4.2521
Bhojpur,2008,4.2595
Bhojpur,2009,4.4746
Bhojpur,2010,4.4371
Bhojpur,2011,4.2665
Bhojpur,2012,4.5247
Bhojpur,2013,4.379
Bhojpur,2014,4.4083
Bhojpur,2015,4.237
Bhojpur,2016,4.2638
Bhojpur,2017,4.255
Bhojpur,2018,4.1148
Bhojpur,2019,4.1105
Bhojpur,2020,4.0073
Bhojpur,2021,4.0034
Bhojpur,2022,3.9331
Bhojpur,2023,4.0097
Bhojpur,2024,3.9708
Dhankuta,1984,4.6661
Dhankuta,1985,4.9068
Dhankuta,1986,5.028
Dhankuta,1987,4.7052
Dhankuta,1988,4.7335
Dhankuta,1989,4.8665
Dhankuta,1990,4.7758
Dhankuta,1991,4.7136
Dhankuta,1992,4.9068
Dhankuta,1993,4.7316
Dhankuta,1994,4.9613
Dhankuta,1995,4.8833
Dhankuta,1996,4.8379
Dhankuta,1997,4.759
Dhankuta,1998,4.577
Dhankuta,1999,4.673
Dhankuta,2000,4.6644
Dhankuta,2001,4.6992
Dhankuta,2002,4.5521
Dhankuta,2003,4.5218
Dhankuta,2004,4.4254
Dhankuta,2005,4.6099
Dhankuta,2006,4.6118
Dhankuta,2007,4.5031
Dhankuta,2008,4.5307
Dhankuta,2009,4.5938
Dhankuta,2010,4.559
Dhankuta,2011,4.4801
Dhankuta,2012,4.6867
Dhankuta,2013,4.5922
Dhankuta,2014,4.5641
Dhankuta,2015,4.4609
Dhankuta,2016,4.4486
Dhankuta,2017,4.421
Dhankuta,2018,4.3692
Dhankuta,2019,4.4143
Dhankuta,2020,4.1129
Dhankuta,2021,4.1801
Dhankuta,2022,4.2931
Dhankuta,2023,4.4102
Dhankuta,2024,4.2746
Ilam,1984,4.6661
Ilam,1985,4.9068
Ilam,1986,5.028
Ilam,1987,4.7052
Ilam,1988,4.7335
Ilam,1989,4.8665
Ilam,1990,4.7758
Ilam,1991,4.7136
Ilam,1992,4.9068
Ilam,1993,4.7316
Ilam,1994,4.9613
Ilam,1995,4.8833
Ilam,1996,4.8379
Ilam,1997,4.759
Ilam,1998,4.577
Ilam,1999,4.673
Ilam,2000,4.6644
Ilam,2001,4.6992
Ilam,2002,4.5521
Ilam,2003,4.5218
Ilam,2004,4.4254
Ilam,2005,4.6099
Ilam,2006,4.6118
Ilam,2007,4.5031
Ilam,2008,4.5307
Ilam,2009,4.5938
Ilam,2010,4.559
Ilam,2011,4.4801
Ilam,2012,4.6867
Ilam,2013,4.5922
Ilam,2014,4.5641
Ilam,2015,4.4609
Ilam,2016,4.4486
Ilam,2017,4.421
Ilam,2018,4.3692
Ilam,2019,4.4143
Ilam,2020,4.1129
Ilam,2021,4.1801
Ilam,2022,4.2931
Ilam,2023,4.4102
Ilam,2024,4.2746
Jhapa,1984,4.6661
Jhapa,1985,4.9068
Jhapa,1986,5.028
Jhapa,1987,4.7052
Jhapa,1988,4.7335
Jhapa,1989,4.8665
Jhapa,1990,4.7758
Jhapa,1991,4.7136
Jhapa,1992,4.9068
Jhapa,1993,4.7316
Jhapa,1994,4.9613
Jhapa,1995,4.8833
Jhapa,1996,4.8379
Jhapa,1997,4.759
Jhapa,1998,4.577
Jhapa,1999,4.673
Jhapa,2000,4.6644
Jhapa,2001,4.6992
Jhapa,2002,4.5521
Jhapa,2003,4.5218
Jhapa,2004,4.4254
Jhapa,2005,4.6099
Jhapa,2006,4.6118
Jhapa,2007,4.5031
Jhapa,2008,4.5307
Jhapa,2009,4.5938
Jhapa,2010,4.559
Jhapa,2011,4.4801
Jhapa,2012,4.6867
Jhapa,2013,4.5922
Jhapa,2014,4.5641
Jhapa,2015,4.4609
Jhapa,2016,4.4486
Jhapa,2017,4.421
Jhapa,2018,4.3692
Jhapa,2019,4.4143
Jhapa,2020,4.1129
Jhapa,2021,4.1801
Jhapa,2022,4.2931
Jhapa,2023,4.4102
Jhapa,2024,4.2746
Khotang,1984,4.7962
Khotang,1985,4.7261
Khotang,1986,4.9294
Khotang,1987,4.7609
Khotang,1988,4.8014
Khotang,1989,4.9649
Khotang,1990,4.836
Khotang,1991,4.993
Khotang,1992,5.0743
Khotang,1993,4.8852
Khotang,1994,5.0182
Khotang,1995,4.9591
Khotang,1996,5.0138
Khotang,1997,4.8686
Khotang,1998,4.7462
Khotang,1999,4.6166
Khotang,2000,4.6361
Khotang,2001,4.6603
Khotang,2002,4.4518
Khotang,2003,4.4491
Khotang,2004,4.3824
Khotang,2005,4.583
Khotang,2006,4.5377
Khotang,2007,4.4412
Khotang,2008,4.5451
Khotang,2009,4.7923
Khotang,2010,4.7534
Khotang,2011,4.5094
Khotang,2012,4.8547
Khotang,2013,4.6054
Khotang,2014,4.7023
Khotang,2015,4.4738
Khotang,2016,4.5
Khotang,2017,4.4959
Khotang,2018,4.3843
Khotang,2019,4.3855
Khotang,2020,4.2144
Khotang,2021,4.2511
Khotang,2022,4.2103
Khotang,2023,4.2982
Khotang,2024,4.2494
Morang,1984,4.6661
Morang,1985,4.9068
Morang,1986,5.028
Morang,1987,4.7052
Morang,1988,4.7335
Morang,1989,4.8665
Morang,1990,4.7758
Morang,1991,4.7136
Morang,1992,4.9068
Morang,1993,4.7316
Morang,1994,4.9613
Morang,1995,4.8833
Morang,1996,4.8379
Morang,1997,4.759
Morang,1998,4.577
Morang,1999,4.673
Morang,2000,4.6644
Morang,2001,4.6992
Morang,2002,4.5521
Morang,2003,4.5218
Morang,2004,4.4254
Morang,2005,4.6099
Morang,2006,4.6118
Morang,2007,4.5031
Morang,2008,4.5307
Morang,2009,4.5938
Morang,2010,4.559
Morang,2011,4.4801
Morang,2012,4.6867
Morang,2013,4.5922
Morang,2014,4.5641
Morang,2015,4.4609
Morang,2016,4.4486
Morang,2017,4.421
Morang,2018,4.3692
Morang,2019,4.4143
Morang,2020,4.1129
Morang,2021,4.1801
Morang,2022,4.2931
Morang,2023,4.4102
Morang,2024,4.2746
Okhaldhunga,1984,4.7962
Okhaldhunga,1985,4.7261
Okhaldhunga,1986,4.9294
Okhaldhunga,1987,4.7609
Okhaldhunga,1988,4.8014
Okhaldhunga,1989,4.9649
Okhaldhunga,1990,4.836
Okhaldhunga,1991,4.993
Okhaldhunga,1992,5.0743
Okhaldhunga,1993,4.8852
Okhaldhunga,1994,5.0182
Okhaldhunga,1995,4.9591
Okhaldhunga,1996,5.0138
Okhaldhunga,1997,4.8686
Okhaldhunga,1998,4.7462
Okhaldhunga,1999,4.6166
Okhaldhunga,2000,4.6361
Okhaldhunga,2001,4.6603
Okhaldhunga,2002,4.4518
Okhaldhunga,2003,4.4491
Okhaldhunga,2004,4.3824
Okhaldhunga,2005,4.583
Okhaldhunga,2006,4.5377
Okhaldhunga,2007,4.4412
Okhaldhunga,2008,4.5451
Okhaldhunga,2009,4.7923
Okhaldhunga,2010,4.7534
Okhaldhunga,2011,4.5094
Okhaldhunga,2012,4.8547
Okhaldhunga,2013,4.6054
Okhaldhunga,2014,4.7023
Okhaldhunga,2015,4.4738
Okhaldhunga,2016,4.5
Okhaldhunga,2017,4.4959
Okhaldhunga,2018,4.3843
Okhaldhunga,2019,4.3855
Okhaldhunga,2020,4.2144
Okhaldhunga,2021,4.2511
Okhaldhunga,2022,4.2103
Okhaldhunga,2023,4.2982
Okhaldhunga,2024,4.2494
Panchthar,1984,4.4594
Panchthar,1985,4.3999
Panchthar,1986,4.7513
Panchthar,1987,4.4086
Panchthar,1988,4.4844
Panchthar,1989,4.6162
Panchthar,1990,4.5662
Panchthar,1991,4.5406
Panchthar,1992,4.6704
Panchthar,1993,4.4645
Panchthar,1994,4.4849
Panchthar,1995,4.589
Panchthar,1996,4.6001
Panchthar,1997,4.3718
Panchthar,1998,4.5163
Panchthar,1999,4.5934
Panchthar,2000,4.2636
Panchthar,2001,4.4174
Panchthar,2002,4.2941
Panchthar,2003,4.2072
Panchthar,2004,4.1011
Panchthar,2005,4.3322
Panchthar,2006,4.3181
Panchthar,2007,4.2521
Panchthar,2008,4.2595
Panchthar,2009,4.4746
Panchthar,2010,4.4371
Panchthar,2011,4.2665
Panchthar,2012,4.5247
Panchthar,2013,4.379
Panchthar,2014,4.4083
Panchthar,2015,4.237
Panchthar,2016,4.2638
Panchthar,2017,4.255
Panchthar,2018,4.1148
Panchthar,2019,4.1105
Panchthar,2020,4.0073
Panchthar,2021,4.0034
Panchthar,2022,3.9331
Panchthar,2023,4.0097
Panchthar,2024,3.9708
Sankhuwasabha,1984,4.4594
Sankhuwasabha,1985,4.3999
Sankhuwasabha,1986,4.7513
Sankhuwasabha,1987,4.4086
Sankhuwasabha,1988,4.4844
Sankhuwasabha,1989,4.6162
Sankhuwasabha,1990,4.5662
Sankhuwasabha,1991,4.5406
Sankhuwasabha,1992,4.6704
Sankhuwasabha,1993,4.4645
Sankhuwasabha,1994,4.4849
Sankhuwasabha,1995,4.589
Sankhuwasabha,1996,4.6001
Sankhuwasabha,1997,4.3718
Sankhuwasabha,1998,4.5163
Sankhuwasabha,1999,4.5934
Sankhuwasabha,2000,4.2636
Sankhuwasabha,2001,4.4174
Sankhuwasabha,2002,4.2941
Sankhuwasabha,2003,4.2072
Sankhuwasabha,2004,4.1011
Sankhuwasabha,2005,4.3322
Sankhuwasabha,2006,4.3181
Sankhuwasabha,2007,4.2521
Sankhuwasabha,2008,4.2595
Sankhuwasabha,2009,4.4746
Sankhuwasabha,2010,4.4371
Sankhuwasabha,2011,4.2665
Sankhuwasabha,2012,4.5247
Sankhuwasabha,2013,4.379
Sankhuwasabha,2014,4.4083
Sankhuwasabha,2015,4.237
Sankhuwasabha,2016,4.2638
Sankhuwasabha,2017,4.255
Sankhuwasabha,2018,4.1148
Sankhuwasabha,2019,4.1105
Sankhuwasabha,2020,4.0073
Sankhuwasabha,2021,4.0034
Sankhuwasabha,2022,3.9331
Sankhuwasabha,2023,4.0097
Sankhuwasabha,2024,3.9708
Solukhumbu,1984,4.7962
Solukhumbu,1985,4.7261
Solukhumbu,1986,4.9294
Solukhumbu,1987,4.7609
Solukhumbu,1988,4.8014
Solukhumbu,1989,4.9649
Solukhumbu,1990,4.836
Solukhumbu,1991,4.993
Solukhumbu,1992,5.0743
Solukhumbu,1993,4.8852
Solukhumbu,1994,5.0182
Solukhumbu,1995,4.9591
Solukhumbu,1996,5.0138
Solukhumbu,1997,4.8686
Solukhumbu,1998,4.7462
Solukhumbu,1999,4.6166
Solukhumbu,2000,4.6361
Solukhumbu,2001,4.6603
Solukhumbu,2002,4.4518
Solukhumbu,2003,4.4491
Solukhumbu,2004,4.3824
Solukhumbu,2005,4.583
Solukhumbu,2006,4.5377
Solukhumbu,2007,4.4412
Solukhumbu,2008,4.5451
Solukhumbu,2009,4.7923
Solukhumbu,2010,4.7534
Solukhumbu,2011,4.5094
Solukhumbu,2012,4.8547
Solukhumbu,2013,4.6054
Solukhumbu,2014,4.7023
Solukhumbu,2015,4.4738
Solukhumbu,2016,4.5
Solukhumbu,2017,4.4959
Solukhumbu,2018,4.3843
Solukhumbu,2019,4.3855
Solukhumbu,2020,4.2144
Solukhumbu,2021,4.2511
Solukhumbu,2022,4.2103
Solukhumbu,2023,4.2982
Solukhumbu,2024,4.2494
Sunsari,1984,4.6661
Sunsari,1985,4.9068
Sunsari,1986,5.028
Sunsari,1987,4.7052
Sunsari,1988,4.7335
Sunsari,1989,4.8665
Sunsari,1990,4.7758
Sunsari,1991,4.7136
Sunsari,1992,4.9068
Sunsari,1993,4.7316
Sunsari,1994,4.9613
Sunsari,1995,4.8833
Sunsari,1996,4.8379
Sunsari,1997,4.759
Sunsari,1998,4.577
Sunsari,1999,4.673
Sunsari,2000,4.6644
Sunsari,2001,4.6992
Sunsari,2002,4.5521
Sunsari,2003,4.5218
Sunsari,2004,4.4254
Sunsari,2005,4.6099
Sunsari,2006,4.6118
Sunsari,2007,4.5031
Sunsari,2008,4.5307
Sunsari,2009,4.5938
Sunsari,2010,4.559
Sunsari,2011,4.4801
Sunsari,2012,4.6867
Sunsari,2013,4.5922
Sunsari,2014,4.5641
Sunsari,2015,4.4609
Sunsari,2016,4.4486
Sunsari,2017,4.421
Sunsari,2018,4.3692
Sunsari,2019,4.4143
Sunsari,2020,4.1129
Sunsari,2021,4.1801
Sunsari,2022,4.2931
Sunsari,2023,4.4102
Sunsari,2024,4.2746
Taplejung,1984,4.4594
Taplejung,1985,4.3999
Taplejung,1986,4.7513
Taplejung,1987,4.4086
Taplejung,1988,4.4844
Taplejung,1989,4.6162
Taplejung,1990,4.5662
Taplejung,1991,4.5406
Taplejung,1992,4.6704
Taplejung,1993,4.4645
Taplejung,1994,4.4849
Taplejung,1995,4.589
Taplejung,1996,4.6001
Taplejung,1997,4.3718
Taplejung,1998,4.5163
Taplejung,1999,4.5934
Taplejung,2000,4.2636
Taplejung,2001,4.4174
Taplejung,2002,4.2941
Taplejung,2003,4.2072
Taplejung,2004,4.1011
Taplejung,2005,4.3322
Taplejung,2006,4.3181
Taplejung,2007,4.2521
Taplejung,2008,4.2595
Taplejung,2009,4.4746
Taplejung,2010,4.4371
Taplejung,2011,4.2665
Taplejung,2012,4.5247
Taplejung,2013,4.379
Taplejung,2014,4.4083
Taplejung,2015,4.237
Taplejung,2016,4.2638
Taplejung,2017,4.255
Taplejung,2018,4.1148
Taplejung,2019,4.1105
Taplejung,2020,4.0073
Taplejung,2021,4.0034
Taplejung,2022,3.9331
Taplejung,2023,4.0097
Taplejung,2024,3.9708
Terhathum,1984,4.4594
Terhathum,1985,4.3999
Terhathum,1986,4.7513
Terhathum,1987,4.4086
Terhathum,1988,4.4844
Terhathum,1989,4.6162
Terhathum,1990,4.5662
Terhathum,1991,4.5406
Terhathum,1992,4.6704
Terhathum,1993,4.4645
Terhathum,1994,4.4849
Terhathum,1995,4.589
Terhathum,1996,4.6001
Terhathum,1997,4.3718
Terhathum,1998,4.5163
Terhathum,1999,4.5934
Terhathum,2000,4.2636
Terhathum,2001,4.4174
Terhathum,2002,4.2941
Terhathum,2003,4.2072
Terhathum,2004,4.1011
Terhathum,2005,4.3322
Terhathum,2006,4.3181
Terhathum,2007,4.2521
Terhathum,2008,4.2595
Terhathum,2009,4.4746
Terhathum,2010,4.4371
Terhathum,2011,4.2665
Terhathum,2012,4.5247
Terhathum,2013,4.379
Terhathum,2014,4.4083
Terhathum,2015,4.237
Terhathum,2016,4.2638
Terhathum,2017,4.255
Terhathum,2018,4.1148
Terhathum,2019,4.1105
Terhathum,2020,4.0073
Terhathum,2021,4.0034
Terhathum,2022,3.9331
Terhathum,2023,4.0097
Terhathum,2024,3.9708
Udayapur,1984,4.7974
Udayapur,1985,5.1362
Udayapur,1986,5.177
Udayapur,1987,4.8838
Udayapur,1988,4.8607
Udayapur,1989,5.0741
Udayapur,1990,4.8989
Udayapur,1991,4.8408
Udayapur,1992,5.071
Udayapur,1993,4.8859
Udayapur,1994,5.1458
Udayapur,1995,5.035
Udayapur,1996,4.9529
Udayapur,1997,4.787
Udayapur,1998,4.7326
Udayapur,1999,4.8341
Udayapur,2000,4.8199
Udayapur,2001,4.805
Udayapur,2002,4.6769
Udayapur,2003,4.6874
Udayapur,2004,4.6116
Udayapur,2005,4.7782
Udayapur,2006,4.7666
Udayapur,2007,4.627
Udayapur,2008,4.7002
Udayapur,2009,4.8228
Udayapur,2010,4.7424
Udayapur,2011,4.6037
Udayapur,2012,4.8528
Udayapur,2013,4.6898
Udayapur,2014,4.6862
Udayapur,2015,4.5732
Udayapur,2016,4.5691
Udayapur,2017,4.5818
Udayapur,2018,4.5602
Udayapur,2019,4.5502
Udayapur,2020,4.3046
Udayapur,2021,4.2821
Udayapur,2022,4.5086
Udayapur,2023,4.507
Udayapur,2024,4.393
Bara,1984,4.9234
Bara,1985,5.0628
Bara,1986,5.2992
Bara,1987,4.9788
Bara,1988,4.9824
Bara,1989,5.2193
Bara,1990,4.9512
Bara,1991,4.9735
Bara,1992,5.1319
Bara,1993,4.9202
Bara,1994,5.1158
Bara,1995,5.2294
Bara,1996,5.1775
Bara,1997,5.0962
Bara,1998,4.9963
Bara,1999,5.0042
Bara,2000,4.854
Bara,2001,4.8502
Bara,2002,4.7609
Bara,2003,4.8228
Bara,2004,4.6644
Bara,2005,4.8794
Bara,2006,4.8223
Bara,2007,4.7018
Bara,2008,4.8082
Bara,2009,4.9913
Bara,2010,4.9428
Bara,2011,4.7837
Bara,2012,5.0978
Bara,2013,4.847
Bara,2014,4.9495
Bara,2015,4.745
Bara,2016,4.7038
Bara,2017,4.8197
Bara,2018,4.6949
Bara,2019,4.6896
Bara,2020,4.4837
Bara,2021,4.4868
Bara,2022,4.608
Bara,2023,4.6798
Bara,2024,4.6334
Dhanusha,1984,4.7974
Dhanusha,1985,5.1362
Dhanusha,1986,5.177
Dhanusha,1987,4.8838
Dhanusha,1988,4.8607
Dhanusha,1989,5.0741
Dhanusha,1990,4.8989
Dhanusha,1991,4.8408
Dhanusha,1992,5.071
Dhanusha,1993,4.8859
Dhanusha,1994,5.1458
Dhanusha,1995,5.035
Dhanusha,1996,4.9529
Dhanusha,1997,4.787
Dhanusha,1998,4.7326
Dhanusha,1999,4.8341
Dhanusha,2000,4.8199
Dhanusha,2001,4.805
Dhanusha,2002,4.6769
Dhanusha,2003,4.6874
Dhanusha,2004,4.6116
Dhanusha,2005,4.7782
Dhanusha,2006,4.7666
Dhanusha,2007,4.627
Dhanusha,2008,4.7002
Dhanusha,2009,4.8228
Dhanusha,2010,4.7424
Dhanusha,2011,4.6037
Dhanusha,2012,4.8528
Dhanusha,2013,4.6898
Dhanusha,2014,4.6862
Dhanusha,2015,4.5732
Dhanusha,2016,4.5691
Dhanusha,2017,4.5818
Dhanusha,2018,4.5602
Dhanusha,2019,4.5502
Dhanusha,2020,4.3046
Dhanusha,2021,4.2821
Dhanusha,2022,4.5086
Dhanusha,2023,4.507
Dhanusha,2024,4.393
Mahottari,1984,5.027
Mahottari,1985,5.3357
Mahottari,1986,5.317
Mahottari,1987,5.0266
Mahottari,1988,5.0738
Mahottari,1989,5.2812
Mahottari,1990,5.0897
Mahottari,1991,5.0052
Mahottari,1992,5.2493
Mahottari,1993,5.1026
Mahottari,1994,5.3021
Mahottari,1995,5.1758
Mahottari,1996,5.2195
Mahottari,1997,4.8859
Mahottari,1998,4.9188
Mahottari,1999,4.9982
Mahottari,2000,5.017
Mahottari,2001,4.891
Mahottari,2002,4.8139
Mahottari,2003,4.7796
Mahottari,2004,4.7693
Mahottari,2005,4.9217
Mahottari,2006,4.8439
Mahottari,2007,4.6711
Mahottari,2008,4.7268
Mahottari,2009,4.9039
Mahottari,2010,4.805
Mahottari,2011,4.6637
Mahottari,2012,4.8826
Mahottari,2013,4.7218
Mahottari,2014,4.7002
Mahottari,2015,4.6176
Mahottari,2016,4.609
Mahottari,2017,4.6188
Mahottari,2018,4.5919
Mahottari,2019,4.5708
Mahottari,2020,4.3596
Mahottari,2021,4.2631
Mahottari,2022,4.5754
Mahottari,2023,4.5168
Mahottari,2024,4.4506
Parsa,1984,5.0095
Parsa,1985,5.023
Parsa,1986,5.1626
Parsa,1987,4.9118
Parsa,1988,4.9126
Parsa,1989,5.0978
Parsa,1990,4.9375
Parsa,1991,4.8161
Parsa,1992,5.125
Parsa,1993,4.913
Parsa,1994,5.1838
Parsa,1995,5.1475
Parsa,1996,5.0722
Parsa,1997,5.0443
Parsa,1998,4.9111
Parsa,1999,5.1108
Parsa,2000,4.8989
Parsa,2001,5.0198
Parsa,2002,4.8593
Parsa,2003,4.9502
Parsa,2004,4.8494
Parsa,2005,4.9954
Parsa,2006,4.9483
Parsa,2007,4.7808
Parsa,2008,4.8869
Parsa,2009,5.1161
Parsa,2010,4.9879
Parsa,2011,4.8967
Parsa,2012,5.0808
Parsa,2013,4.8614
Parsa,2014,4.9855
Parsa,2015,4.8595
Parsa,2016,4.7882
Parsa,2017,4.8972
Parsa,2018,4.8048
Parsa,2019,4.757
Parsa,2020,4.5466
Parsa,2021,4.505
Parsa,2022,4.7222
Parsa,2023,4.7338
Parsa,2024,4.6802
Rautahat,1984,4.9234
Rautahat,1985,5.0628
Rautahat,1986,5.2992
Rautahat,1987,4.9788
Rautahat,1988,4.9824
Rautahat,1989,5.2193
Rautahat,1990,4.9512
Rautahat,1991,4.9735
Rautahat,1992,5.1319
Rautahat,1993,4.9202
Rautahat,1994,5.1158
Rautahat,1995,5.2294
Rautahat,1996,5.1775
Rautahat,1997,5.0962
Rautahat,1998,4.9963
Rautahat,1999,5.0042
Rautahat,2000,4.854
Rautahat,2001,4.8502
Rautahat,2002,4.7609
Rautahat,2003,4.8228
Rautahat,2004,4.6644
Rautahat,2005,4.8794
Rautahat,2006,4.8223
Rautahat,2007,4.7018
Rautahat,2008,4.8082
Rautahat,2009,4.9913
Rautahat,2010,4.9428
Rautahat,2011,4.7837
Rautahat,2012,5.0978
Rautahat,2013,4.847
Rautahat,2014,4.9495
Rautahat,2015,4.745
Rautahat,2016,4.7038
Rautahat,2017,4.8197
Rautahat,2018,4.6949
Rautahat,2019,4.6896
Rautahat,2020,4.4837
Rautahat,2021,4.4868
Rautahat,2022,4.608
Rautahat,2023,4.6798
Rautahat,2024,4.6334
Saptari,1984,4.7974
Saptari,1985,5.1362
Saptari,1986,5.177
Saptari,1987,4.8838
Saptari,1988,4.8607
Saptari,1989,5.0741
Saptari,1990,4.8989
Saptari,1991,4.8408
Saptari,1992,5.071
Saptari,1993,4.8859
Saptari,1994,5.1458
Saptari,1995,5.035
Saptari,1996,4.9529
Saptari,1997,4.787
Saptari,1998,4.7326
Saptari,1999,4.8341
Saptari,2000,4.8199
Saptari,2001,4.805
Saptari,2002,4.6769
Saptari,2003,4.6874
Saptari,2004,4.6116
Saptari,2005,4.7782
Saptari,2006,4.7666
Saptari,2007,4.627
Saptari,2008,4.7002
Saptari,2009,4.8228
Saptari,2010,4.7424
Saptari,2011,4.6037
Saptari,2012,4.8528
Saptari,2013,4.6898
Saptari,2014,4.6862
Saptari,2015,4.5732
Saptari,2016,4.5691
Saptari,2017,4.5818
Saptari,2018,4.5602
Saptari,2019,4.5502
Saptari,2020,4.3046
Saptari,2021,4.2821
Saptari,2022,4.5086
Saptari,2023,4.507
Saptari,2024,4.393
Sarlahi,1984,5.027
Sarlahi,1985,5.3357
Sarlahi,1986,5.317
Sarlahi,1987,5.0266
Sarlahi,1988,5.0738
Sarlahi,1989,5.2812
Sarlahi,1990,5.0897
Sarlahi,1991,5.0052
Sarlahi,1992,5.2493
Sarlahi,1993,5.1026
Sarlahi,1994,5.3021
Sarlahi,1995,5.1758
Sarlahi,1996,5.2195
Sarlahi,1997,4.8859
Sarlahi,1998,4.9188
Sarlahi,1999,4.9982
Sarlahi,2000,5.017
Sarlahi,2001,4.891
Sarlahi,2002,4.8139
Sarlahi,2003,4.7796
Sarlahi,2004,4.7693
Sarlahi,2005,4.9217
Sarlahi,2006,4.8439
Sarlahi,2007,4.6711
Sarlahi,2008,4.7268
Sarlahi,2009,4.9039
Sarlahi,2010,4.805
Sarlahi,2011,4.6637
Sarlahi,2012,4.8826
Sarlahi,2013,4.7218
Sarlahi,2014,4.7002
Sarlahi,2015,4.6176
Sarlahi,2016,4.609
Sarlahi,2017,4.6188
Sarlahi,2018,4.5919
Sarlahi,2019,4.5708
Sarlahi,2020,4.3596
Sarlahi,2021,4.2631
Sarlahi,2022,4.5754
Sarlahi,2023,4.5168
Sarlahi,2024,4.4506
Siraha,1984,4.7974
Siraha,1985,5.1362
Siraha,1986,5.177
Siraha,1987,4.8838
Siraha,1988,4.8607
Siraha,1989,5.0741
Siraha,1990,4.8989
Siraha,1991,4.8408
Siraha,1992,5.071
Siraha,1993,4.8859
Siraha,1994,5.1458
Siraha,1995,5.035
Siraha,1996,4.9529
Siraha,1997,4.787
Siraha,1998,4.7326
Siraha,1999,4.8341
Siraha,2000,4.8199
Siraha,2001,4.805
Siraha,2002,4.6769
Siraha,2003,4.6874
Siraha,2004,4.6116
Siraha,2005,4.7782
Siraha,2006,4.7666
Siraha,2007,4.627
Siraha,2008,4.7002
Siraha,2009,4.8228
Siraha,2010,4.7424
Siraha,2011,4.6037
Siraha,2012,4.8528
Siraha,2013,4.6898
Siraha,2014,4.6862
Siraha,2015,4.5732
Siraha,2016,4.5691
Siraha,2017,4.5818
Siraha,2018,4.5602
Siraha,2019,4.5502
Siraha,2020,4.3046
Siraha,2021,4.2821
Siraha,2022,4.5086
Siraha,2023,4.507
Siraha,2024,4.393
Bhaktapur,1984,4.9234
Bhaktapur,1985,5.0628
Bhaktapur,1986,5.2992
Bhaktapur,1987,4.9788
Bhaktapur,1988,4.9824
Bhaktapur,1989,5.2193
Bhaktapur,1990,4.9512
Bhaktapur,1991,4.9735
Bhaktapur,1992,5.1319
Bhaktapur,1993,4.9202
Bhaktapur,1994,5.1158
Bhaktapur,1995,5.2294
Bhaktapur,1996,5.1775
Bhaktapur,1997,5.0962
Bhaktapur,1998,4.9963
Bhaktapur,1999,5.0042
Bhaktapur,2000,4.854
Bhaktapur,2001,4.8502
Bhaktapur,2002,4.7609
Bhaktapur,2003,4.8228
Bhaktapur,2004,4.6644
Bhaktapur,2005,4.8794
Bhaktapur,2006,4.8223
Bhaktapur,2007,4.7018
Bhaktapur,2008,4.8082
Bhaktapur,2009,4.9913
Bhaktapur,2010,4.9428
Bhaktapur,2011,4.7837
Bhaktapur,2012,5.0978
Bhaktapur,2013,4.847
Bhaktapur,2014,4.9495
Bhaktapur,2015,4.745
Bhaktapur,2016,4.7038
Bhaktapur,2017,4.8197
Bhaktapur,2018,4.6949
Bhaktapur,2019,4.6896
Bhaktapur,2020,4.4837
Bhaktapur,2021,4.4868
Bhaktapur,2022,4.608
Bhaktapur,2023,4.6798
Bhaktapur,2024,4.6334
Chitwan,1984,5.0095
Chitwan,1985,5.023
Chitwan,1986,5.1626
Chitwan,1987,4.9118
Chitwan,1988,4.9126
Chitwan,1989,5.0978
Chitwan,1990,4.9375
Chitwan,1991,4.8161
Chitwan,1992,5.125
Chitwan,1993,4.913
Chitwan,1994,5.1838
Chitwan,1995,5.1475
Chitwan,1996,5.0722
Chitwan,1997,5.0443
Chitwan,1998,4.9111
Chitwan,1999,5.1108
Chitwan,2000,4.8989
Chitwan,2001,5.0198
Chitwan,2002,4.8593
Chitwan,2003,4.9502
Chitwan,2004,4.8494
Chitwan,2005,4.9954
Chitwan,2006,4.9483
Chitwan,2007,4.7808
Chitwan,2008,4.8869
Chitwan,2009,5.1161
Chitwan,2010,4.9879
Chitwan,2011,4.8967
Chitwan,2012,5.0808
Chitwan,2013,4.8614
Chitwan,2014,4.9855
Chitwan,2015,4.8595
Chitwan,2016,4.7882
Chitwan,2017,4.8972
Chitwan,2018,4.8048
Chitwan,2019,4.757
Chitwan,2020,4.5466
Chitwan,2021,4.505
Chitwan,2022,4.7222
Chitwan,2023,4.7338
Chitwan,2024,4.6802
Dhading,1984,5.0095
Dhading,1985,5.023
Dhading,1986,5.1626
Dhading,1987,4.9118
Dhading,1988,4.9126
Dhading,1989,5.0978
Dhading,1990,4.9375
Dhading,1991,4.8161
Dhading,1992,5.125
Dhading,1993,4.913
Dhading,1994,5.1838
Dhading,1995,5.1475
Dhading,1996,5.0722
Dhading,1997,5.0443
Dhading,1998,4.9111
Dhading,1999,5.1108
Dhading,2000,4.8989
Dhading,2001,5.0198
Dhading,2002,4.8593
Dhading,2003,4.9502
Dhading,2004,4.8494
Dhading,2005,4.9954
Dhading,2006,4.9483
Dhading,2007,4.7808
Dhading,2008,4.8869
Dhading,2009,5.1161
Dhading,2010,4.9879
Dhading,2011,4.8967
Dhading,2012,5.0808
Dhading,2013,4.8614
Dhading,2014,4.9855
Dhading,2015,4.8595
Dhading,2016,4.7882
Dhading,2017,4.8972
Dhading,2018,4.8048
Dhading,2019,4.757
Dhading,2020,4.5466
Dhading,2021,4.505
Dhading,2022,4.7222
Dhading,2023,4.7338
Dhading,2024,4.6802
Dolakha,1984,4.7962
Dolakha,1985,4.7261
Dolakha,1986,4.9294
Dolakha,1987,4.7609
Dolakha,1988,4.8014
Dolakha,1989,4.9649
Dolakha,1990,4.836
Dolakha,1991,4.993
Dolakha,1992,5.0743
Dolakha,1993,4.8852
Dolakha,1994,5.0182
Dolakha,1995,4.9591
Dolakha,1996,5.0138
Dolakha,1997,4.8686
Dolakha,1998,4.7462
Dolakha,1999,4.6166
Dolakha,2000,4.6361
Dolakha,2001,4.6603
Dolakha,2002,4.4518
Dolakha,2003,4.4491
Dolakha,2004,4.3824
Dolakha,2005,4.583
Dolakha,2006,4.5377
Dolakha,2007,4.4412
Dolakha,2008,4.5451
Dolakha,2009,4.7923
Dolakha,2010,4.7534
Dolakha,2011,4.5094
Dolakha,2012,4.8547
Dolakha,2013,4.6054
Dolakha,2014,4.7023
Dolakha,2015,4.4738
Dolakha,2016,4.5
Dolakha,2017,4.4959
Dolakha,2018,4.3843
Dolakha,2019,4.3855
Dolakha,2020,4.2144
Dolakha,2021,4.2511
Dolakha,2022,4.2103
Dolakha,2023,4.2982
Dolakha,2024,4.2494
Kathmandu,1984,4.9234
Kathmandu,1985,5.0628
Kathmandu,1986,5.2992
Kathmandu,1987,4.9788
Kathmandu,1988,4.9824
Kathmandu,1989,5.2193
Kathmandu,1990,4.9512
Kathmandu,1991,4.9735
Kathmandu,1992,5.1319
Kathmandu,1993,4.9202
Kathmandu,1994,5.1158
Kathmandu,1995,5.2294
Kathmandu,1996,5.1775
Kathmandu,1997,5.0962
Kathmandu,1998,4.9963
Kathmandu,1999,5.0042
Kathmandu,2000,4.854
Kathmandu,2001,4.8502
Kathmandu,2002,4.7609
Kathmandu,2003,4.8228
Kathmandu,2004,4.6644
Kathmandu,2005,4.8794
Kathmandu,2006,4.8223
Kathmandu,2007,4.7018
Kathmandu,2008,4.8082
Kathmandu,2009,4.9913
Kathmandu,2010,4.9428
Kathmandu,2011,4.7837
Kathmandu,2012,5.0978
Kathmandu,2013,4.847
Kathmandu,2014,4.9495
Kathmandu,2015,4.745
Kathmandu,2016,4.7038
Kathmandu,2017,4.8197
Kathmandu,2018,4.6949
Kathmandu,2019,4.6896
Kathmandu,2020,4.4837
Kathmandu,2021,4.4868
Kathmandu,2022,4.608
Kathmandu,2023,4.6798
Kathmandu,2024,4.6334
Kavrepalanchok,1984,4.9234
Kavrepalanchok,1985,5.0628
Kavrepalanchok,1986,5.2992
Kavrepalanchok,1987,4.9788
Kavrepalanchok,1988,4.9824
Kavrepalanchok,1989,5.2193
Kavrepalanchok,1990,4.9512
Kavrepalanchok,1991,4.9735
Kavrepalanchok,1992,5.1319
Kavrepalanchok,1993,4.9202
Kavrepalanchok,1994,5.1158
Kavrepalanchok,1995,5.2294
Kavrepalanchok,1996,5.1775
Kavrepalanchok,1997,5.0962
Kavrepalanchok,1998,4.9963
Kavrepalanchok,1999,5.0042
Kavrepalanchok,2000,4.854
Kavrepalanchok,2001,4.8502
Kavrepalanchok,2002,4.7609
Kavrepalanchok,2003,4.8228
Kavrepalanchok,2004,4.6644
Kavrepalanchok,2005,4.8794
Kavrepalanchok,2006,4.8223
Kavrepalanchok,2007,4.7018
Kavrepalanchok,2008,4.8082
Kavrepalanchok,2009,4.9913
Kavrepalanchok,2010,4.9428
Kavrepalanchok,2011,4.7837
Kavrepalanchok,2012,5.0978
Kavrepalanchok,2013,4.847
Kavrepalanchok,2014,4.9495
Kavrepalanchok,2015,4.745
Kavrepalanchok,2016,4.7038
Kavrepalanchok,2017,4.8197
Kavrepalanchok,2018,4.6949
Kavrepalanchok,2019,4.6896
Kavrepalanchok,2020,4.4837
Kavrepalanchok,2021,4.4868
Kavrepalanchok,2022,4.608
Kavrepalanchok,2023,4.6798
Kavrepalanchok,2024,4.6334
Lalitpur,1984,4.9234
Lalitpur,1985,5.0628
Lalitpur,1986,5.2992
Lalitpur,1987,4.9788
Lalitpur,1988,4.9824
Lalitpur,1989,5.2193
Lalitpur,1990,4.9512
Lalitpur,1991,4.9735
Lalitpur,1992,5.1319
Lalitpur,1993,4.9202
Lalitpur,1994,5.1158
Lalitpur,1995,5.2294
Lalitpur,1996,5.1775
Lalitpur,1997,5.0962
Lalitpur,1998,4.9963
Lalitpur,1999,5.0042
Lalitpur,2000,4.854
Lalitpur,2001,4.8502
Lalitpur,2002,4.7609
Lalitpur,2003,4.8228
Lalitpur,2004,4.6644
Lalitpur,2005,4.8794
Lalitpur,2006,4.8223
Lalitpur,2007,4.7018
Lalitpur,2008,4.8082
Lalitpur,2009,4.9913
Lalitpur,2010,4.9428
Lalitpur,2011,4.7837
Lalitpur,2012,5.0978
Lalitpur,2013,4.847
Lalitpur,2014,4.9495
Lalitpur,2015,4.745
Lalitpur,2016,4.7038
Lalitpur,2017,4.8197
Lalitpur,2018,4.6949
Lalitpur,2019,4.6896
Lalitpur,2020,4.4837
Lalitpur,2021,4.4868
Lalitpur,2022,4.608
Lalitpur,2023,4.6798
Lalitpur,2024,4.6334
Makwanpur,1984,4.9234
Makwanpur,1985,5.0628
Makwanpur,1986,5.2992
Makwanpur,1987,4.9788
Makwanpur,1988,4.9824
Makwanpur,1989,5.2193
Makwanpur,1990,4.9512
Makwanpur,1991,4.9735
Makwanpur,1992,5.1319
Makwanpur,1993,4.9202
Makwanpur,1994,5.1158
Makwanpur,1995,5.2294
Makwanpur,1996,5.1775
Makwanpur,1997,5.0962
Makwanpur,1998,4.9963
Makwanpur,1999,5.0042
Makwanpur,2000,4.854
Makwanpur,2001,4.8502
Makwanpur,2002,4.7609
Makwanpur,2003,4.8228
Makwanpur,2004,4.6644
Makwanpur,2005,4.8794
Makwanpur,2006,4.8223
Makwanpur,2007,4.7018
Makwanpur,2008,4.8082
Makwanpur,2009,4.9913
Makwanpur,2010,4.9428
Makwanpur,2011,4.7837
Makwanpur,2012,5.0978
Makwanpur,2013,4.847
Makwanpur,2014,4.9495
Makwanpur,2015,4.745
Makwanpur,2016,4.7038
Makwanpur,2017,4.8197
Makwanpur,2018,4.6949
Makwanpur,2019,4.6896
Makwanpur,2020,4.4837
Makwanpur,2021,4.4868
Makwanpur,2022,4.608
Makwanpur,2023,4.6798
Makwanpur,2024,4.6334
Nuwakot,1984,4.9234
Nuwakot,1985,5.0628
Nuwakot,1986,5.2992
Nuwakot,1987,4.9788
Nuwakot,1988,4.9824
Nuwakot,1989,5.2193
Nuwakot,1990,4.9512
Nuwakot,1991,4.9735
Nuwakot,1992,5.1319
Nuwakot,1993,4.9202
Nuwakot,1994,5.1158
Nuwakot,1995,5.2294
Nuwakot,1996,5.1775
Nuwakot,1997,5.0962
Nuwakot,1998,4.9963
Nuwakot,1999,5.0042
Nuwakot,2000,4.854
Nuwakot,2001,4.8502
Nuwakot,2002,4.7609
Nuwakot,2003,4.8228
Nuwakot,2004,4.6644
Nuwakot,2005,4.8794
Nuwakot,2006,4.8223
Nuwakot,2007,4.7018
Nuwakot,2008,4.8082
Nuwakot,2009,4.9913
Nuwakot,2010,4.9428
Nuwakot,2011,4.7837
Nuwakot,2012,5.0978
Nuwakot,2013,4.847
Nuwakot,2014,4.9495
Nuwakot,2015,4.745
Nuwakot,2016,4.7038
Nuwakot,2017,4.8197
Nuwakot,2018,4.6949
Nuwakot,2019,4.6896
Nuwakot,2020,4.4837
Nuwakot,2021,4.4868
Nuwakot,2022,4.608
Nuwakot,2023,4.6798
Nuwakot,2024,4.6334
Ramechhap,1984,4.7962
Ramechhap,1985,4.7261
Ramechhap,1986,4.9294
Ramechhap,1987,4.7609
Ramechhap,1988,4.8014
Ramechhap,1989,4.9649
Ramechhap,1990,4.836
Ramechhap,1991,4.993
Ramechhap,1992,5.0743
Ramechhap,1993,4.8852
Ramechhap,1994,5.0182
Ramechhap,1995,4.9591
Ramechhap,1996,5.0138
Ramechhap,1997,4.8686
Ramechhap,1998,4.7462
Ramechhap,1999,4.6166
Ramechhap,2000,4.6361
Ramechhap,2001,4.6603
Ramechhap,2002,4.4518
Ramechhap,2003,4.4491
Ramechhap,2004,4.3824
Ramechhap,2005,4.583
Ramechhap,2006,4.5377
Ramechhap,2007,4.4412
Ramechhap,2008,4.5451
Ramechhap,2009,4.7923
Ramechhap,2010,4.7534
Ramechhap,2011,4.5094
Ramechhap,2012,4.8547
Ramechhap,2013,4.6054
Ramechhap,2014,4.7023
Ramechhap,2015,4.4738
Ramechhap,2016,4.5
Ramechhap,2017,4.4959
Ramechhap,2018,4.3843
Ramechhap,2019,4.3855
Ramechhap,2020,4.2144
Ramechhap,2021,4.2511
Ramechhap,2022,4.2103
Ramechhap,2023,4.2982
Ramechhap,2024,4.2494
Rasuwa,1984,5.1038
Rasuwa,1985,4.9066
Rasuwa,1986,5.0045
Rasuwa,1987,4.6711
Rasuwa,1988,4.9058
Rasuwa,1989,4.9728
Rasuwa,1990,4.9073
Rasuwa,1991,4.9872
Rasuwa,1992,5.0772
Rasuwa,1993,4.951
Rasuwa,1994,4.9553
Rasuwa,1995,4.9406
Rasuwa,1996,4.9102
Rasuwa,1997,4.8773
Rasuwa,1998,4.9001
Rasuwa,1999,5.0184
Rasuwa,2000,4.8982
Rasuwa,2001,5.2255
Rasuwa,2002,4.9258
Rasuwa,2003,4.9927
Rasuwa,2004,4.8737
Rasuwa,2005,4.7386
Rasuwa,2006,4.8506
Rasuwa,2007,4.789
Rasuwa,2008,4.931
Rasuwa,2009,5.1091
Rasuwa,2010,5.0172
Rasuwa,2011,4.7323
Rasuwa,2012,4.9886
Rasuwa,2013,4.6166
Rasuwa,2014,4.793
Rasuwa,2015,4.7112
Rasuwa,2016,4.8593
Rasuwa,2017,4.9126
Rasuwa,2018,4.7916
Rasuwa,2019,4.7861
Rasuwa,2020,4.7911
Rasuwa,2021,4.673
Rasuwa,2022,4.6723
Rasuwa,2023,4.775
Rasuwa,2024,4.7213
Sindhuli,1984,4.9234
Sindhuli,1985,5.0628
Sindhuli,1986,5.2992
Sindhuli,1987,4.9788
Sindhuli,1988,4.9824
Sindhuli,1989,5.2193
Sindhuli,1990,4.9512
Sindhuli,1991,4.9735
Sindhuli,1992,5.1319
Sindhuli,1993,4.9202
Sindhuli,1994,5.1158
Sindhuli,1995,5.2294
Sindhuli,1996,5.1775
Sindhuli,1997,5.0962
Sindhuli,1998,4.9963
Sindhuli,1999,5.0042
Sindhuli,2000,4.854
Sindhuli,2001,4.8502
Sindhuli,2002,4.7609
Sindhuli,2003,4.8228
Sindhuli,2004,4.6644
Sindhuli,2005,4.8794
Sindhuli,2006,4.8223
Sindhuli,2007,4.7018
Sindhuli,2008,4.8082
Sindhuli,2009,4.9913
Sindhuli,2010,4.9428
Sindhuli,2011,4.7837
Sindhuli,2012,5.0978
Sindhuli,2013,4.847
Sindhuli,2014,4.9495
Sindhuli,2015,4.745
Sindhuli,2016,4.7038
Sindhuli,2017,4.8197
Sindhuli,2018,4.6949
Sindhuli,2019,4.6896
Sindhuli,2020,4.4837
Sindhuli,2021,4.4868
Sindhuli,2022,4.608
Sindhuli,2023,4.6798
Sindhuli,2024,4.6334
Sindhupalchok,1984,4.9234
Sindhupalchok,1985,5.0628
Sindhupalchok,1986,5.2992
Sindhupalchok,1987,4.9788
Sindhupalchok,1988,4.9824
Sindhupalchok,1989,5.2193
Sindhupalchok,1990,4.9512
Sindhupalchok,1991,4.9735
Sindhupalchok,1992,5.1319
Sindhupalchok,1993,4.9202
Sindhupalchok,1994,5.1158
Sindhupalchok,1995,5.2294
Sindhupalchok,1996,5.1775
Sindhupalchok,1997,5.0962
Sindhupalchok,1998,4.9963
Sindhupalchok,1999,5.0042
Sindhupalchok,2000,4.854
Sindhupalchok,2001,4.8502
Sindhupalchok,2002,4.7609
Sindhupalchok,2003,4.8228
Sindhupalchok,2004,4.6644
Sindhupalchok,2005,4.8794
Sindhupalchok,2006,4.8223
Sindhupalchok,2007,4.7018
Sindhupalchok,2008,4.8082
Sindhupalchok,2009,4.9913
Sindhupalchok,2010,4.9428
Sindhupalchok,2011,4.7837
Sindhupalchok,2012,5.0978
Sindhupalchok,2013,4.847
Sindhupalchok,2014,4.9495
Sindhupalchok,2015,4.745
Sindhupalchok,2016,4.7038
Sindhupalchok,2017,4.8197
Sindhupalchok,2018,4.6949
Sindhupalchok,2019,4.6896
Sindhupalchok,2020,4.4837
Sindhupalchok,2021,4.4868
Sindhupalchok,2022,4.608
Sindhupalchok,2023,4.6798
Sindhupalchok,2024,4.6334
Baglung,1984,4.9632
Baglung,1985,4.8626
Baglung,1986,4.8014
Baglung,1987,4.9116
Baglung,1988,4.9318
Baglung,1989,5.0208
Baglung,1990,4.8938
Baglung,1991,4.9562
Baglung,1992,5.1091
Baglung,1993,4.7954
Baglung,1994,5.0525
Baglung,1995,5.0102
Baglung,1996,4.951
Baglung,1997,4.7942
Baglung,1998,4.8019
Baglung,1999,4.9541
Baglung,2000,4.603
Baglung,2001,4.7863
Baglung,2002,4.542
Baglung,2003,4.614
Baglung,2004,4.578
Baglung,2005,4.5602
Baglung,2006,4.602
Baglung,2007,4.5924
Baglung,2008,4.625
Baglung,2009,4.9166
Baglung,2010,4.8984
Baglung,2011,4.6543
Baglung,2012,4.8072
Baglung,2013,4.585
Baglung,2014,4.8067
Baglung,2015,4.632
Baglung,2016,4.7028
Baglung,2017,4.5739
Baglung,2018,4.5295
Baglung,2019,4.4844
Baglung,2020,4.404
Baglung,2021,4.2955
Baglung,2022,4.3822
Baglung,2023,4.3699
Baglung,2024,4.447
Gorkha,1984,5.118
Gorkha,1985,4.8874
Gorkha,1986,4.8727
Gorkha,1987,4.8247
Gorkha,1988,4.8989
Gorkha,1989,5.0527
Gorkha,1990,4.9332
Gorkha,1991,5.0251
Gorkha,1992,5.0947
Gorkha,1993,4.9279
Gorkha,1994,5.0892
Gorkha,1995,5.0112
Gorkha,1996,4.9058
Gorkha,1997,4.8214
Gorkha,1998,4.7995
Gorkha,1999,4.8084
Gorkha,2000,4.5672
Gorkha,2001,4.8708
Gorkha,2002,4.5338
Gorkha,2003,4.6572
Gorkha,2004,4.5583
Gorkha,2005,4.4554
Gorkha,2006,4.6073
Gorkha,2007,4.441
Gorkha,2008,4.525
Gorkha,2009,4.7071
Gorkha,2010,4.7071
Gorkha,2011,4.4328
Gorkha,2012,4.6368
Gorkha,2013,4.3769
Gorkha,2014,4.5319
Gorkha,2015,4.4311
Gorkha,2016,4.5703
Gorkha,2017,4.5516
Gorkha,2018,4.4534
Gorkha,2019,4.4369
Gorkha,2020,4.3639
Gorkha,2021,4.2595
Gorkha,2022,4.3085
Gorkha,2023,4.369
Gorkha,2024,4.3423
Kaski,1984,4.9632
Kaski,1985,4.8626
Kaski,1986,4.8014
Kaski,1987,4.9116
Kaski,1988,4.9318
Kaski,1989,5.0208
Kaski,1990,4.8938
Kaski,1991,4.9562
Kaski,1992,5.1091
Kaski,1993,4.7954
Kaski,1994,5.0525
Kaski,1995,5.0102
Kaski,1996,4.951
Kaski,1997,4.7942
Kaski,1998,4.8019
Kaski,1999,4.9541
Kaski,2000,4.603
Kaski,2001,4.7863
Kaski,2002,4.542
Kaski,2003,4.614
Kaski,2004,4.578
Kaski,2005,4.5602
Kaski,2006,4.602
Kaski,2007,4.5924
Kaski,2008,4.625
Kaski,2009,4.9166
Kaski,2010,4.8984
Kaski,2011,4.6543
Kaski,2012,4.8072
Kaski,2013,4.585
Kaski,2014,4.8067
Kaski,2015,4.632
Kaski,2016,4.7028
Kaski,2017,4.5739
Kaski,2018,4.5295
Kaski,2019,4.4844
Kaski,2020,4.404
Kaski,2021,4.2955
Kaski,2022,4.3822
Kaski,2023,4.3699
Kaski,2024,4.447
Lamjung,1984,5.118
Lamjung,1985,4.8874
Lamjung,1986,4.8727
Lamjung,1987,4.8247
Lamjung,1988,4.8989
Lamjung,1989,5.0527
Lamjung,1990,4.9332
Lamjung,1991,5.0251
Lamjung,1992,5.0947
Lamjung,1993,4.9279
Lamjung,1994,5.0892
Lamjung,1995,5.0112
Lamjung,1996,4.9058
Lamjung,1997,4.8214
Lamjung,1998,4.7995
Lamjung,1999,4.8084
Lamjung,2000,4.5672
Lamjung,2001,4.8708
Lamjung,2002,4.5338
Lamjung,2003,4.6572
Lamjung,2004,4.5583
Lamjung,2005,4.4554
Lamjung,2006,4.6073
Lamjung,2007,4.441
Lamjung,2008,4.525
Lamjung,2009,4.7071
Lamjung,2010,4.7071
Lamjung,2011,4.4328
Lamjung,2012,4.6368
Lamjung,2013,4.3769
Lamjung,2014,4.5319
Lamjung,2015,4.4311
Lamjung,2016,4.5703
Lamjung,2017,4.5516
Lamjung,2018,4.4534
Lamjung,2019,4.4369
Lamjung,2020,4.3639
Lamjung,2021,4.2595
Lamjung,2022,4.3085
Lamjung,2023,4.369
Lamjung,2024,4.3423
Manang,1984,5.118
Manang,1985,4.8874
Manang,1986,4.8727
Manang,1987,4.8247
Manang,1988,4.8989
Manang,1989,5.0527
Manang,1990,4.9332
Manang,1991,5.0251
Manang,1992,5.0947
Manang,1993,4.9279
Manang,1994,5.0892
Manang,1995,5.0112
Manang,1996,4.9058
Manang,1997,4.8214
Manang,1998,4.7995
Manang,1999,4.8084
Manang,2000,4.5672
Manang,2001,4.8708
Manang,2002,4.5338
Manang,2003,4.6572
Manang,2004,4.5583
Manang,2005,4.4554
Manang,2006,4.6073
Manang,2007,4.441
Manang,2008,4.525
Manang,2009,4.7071
Manang,2010,4.7071
Manang,2011,4.4328
Manang,2012,4.6368
Manang,2013,4.3769
Manang,2014,4.5319
Manang,2015,4.4311
Manang,2016,4.5703
Manang,2017,4.5516
Manang,2018,4.4534
Manang,2019,4.4369
Manang,2020,4.3639
Manang,2021,4.2595
Manang,2022,4.3085
Manang,2023,4.369
Manang,2024,4.3423
Mustang,1984,4.9632
Mustang,1985,4.8626
Mustang,1986,4.8014
Mustang,1987,4.9116
Mustang,1988,4.9318
Mustang,1989,5.0208
Mustang,1990,4.8938
Mustang,1991,4.9562
Mustang,1992,5.1091
Mustang,1993,4.7954
Mustang,1994,5.0525
Mustang,1995,5.0102
Mustang,1996,4.951
Mustang,1997,4.7942
Mustang,1998,4.8019
Mustang,1999,4.9541
Mustang,2000,4.603
Mustang,2001,4.7863
Mustang,2002,4.542
Mustang,2003,4.614
Mustang,2004,4.578
Mustang,2005,4.5602
Mustang,2006,4.602
Mustang,2007,4.5924
Mustang,2008,4.625
Mustang,2009,4.9166
Mustang,2010,4.8984
Mustang,2011,4.6543
Mustang,2012,4.8072
Mustang,2013,4.585
Mustang,2014,4.8067
Mustang,2015,4.632
Mustang,2016,4.7028
Mustang,2017,4.5739
Mustang,2018,4.5295
Mustang,2019,4.4844
Mustang,2020,4.404
Mustang,2021,4.2955
Mustang,2022,4.3822
Mustang,2023,4.3699
Mustang,2024,4.447
Myagdi,1984,4.9632
Myagdi,1985,4.8626
Myagdi,1986,4.8014
Myagdi,1987,4.9116
Myagdi,1988,4.9318
Myagdi,1989,5.0208
Myagdi,1990,4.8938
Myagdi,1991,4.9562
Myagdi,1992,5.1091
Myagdi,1993,4.7954
Myagdi,1994,5.0525
Myagdi,1995,5.0102
Myagdi,1996,4.951
Myagdi,1997,4.7942
Myagdi,1998,4.8019
Myagdi,1999,4.9541
Myagdi,2000,4.603
Myagdi,2001,4.7863
Myagdi,2002,4.542
Myagdi,2003,4.614
Myagdi,2004,4.578
Myagdi,2005,4.5602
Myagdi,2006,4.602
Myagdi,2007,4.5924
Myagdi,2008,4.625
Myagdi,2009,4.9166
Myagdi,2010,4.8984
Myagdi,2011,4.6543
Myagdi,2012,4.8072
Myagdi,2013,4.585
Myagdi,2014,4.8067
Myagdi,2015,4.632
Myagdi,2016,4.7028
Myagdi,2017,4.5739
Myagdi,2018,4.5295
Myagdi,2019,4.4844
Myagdi,2020,4.404
Myagdi,2021,4.2955
Myagdi,2022,4.3822
Myagdi,2023,4.3699
Myagdi,2024,4.447
Nawalpur,1984,5.0095
Nawalpur,1985,5.023
Nawalpur,1986,5.1626
Nawalpur,1987,4.9118
Nawalpur,1988,4.9126
Nawalpur,1989,5.0978
Nawalpur,1990,4.9375
Nawalpur,1991,4.8161
Nawalpur,1992,5.125
Nawalpur,1993,4.913
Nawalpur,1994,5.1838
Nawalpur,1995,5.1475
Nawalpur,1996,5.0722
Nawalpur,1997,5.0443
Nawalpur,1998,4.9111
Nawalpur,1999,5.1108
Nawalpur,2000,4.8989
Nawalpur,2001,5.0198
Nawalpur,2002,4.8593
Nawalpur,2003,4.9502
Nawalpur,2004,4.8494
Nawalpur,2005,4.9954
Nawalpur,2006,4.9483
Nawalpur,2007,4.7808
Nawalpur,2008,4.8869
Nawalpur,2009,5.1161
Nawalpur,2010,4.9879
Nawalpur,2011,4.8967
Nawalpur,2012,5.0808
Nawalpur,2013,4.8614
Nawalpur,2014,4.9855
Nawalpur,2015,4.8595
Nawalpur,2016,4.7882
Nawalpur,2017,4.8972
Nawalpur,2018,4.8048
Nawalpur,2019,4.757
Nawalpur,2020,4.5466
Nawalpur,2021,4.505
Nawalpur,2022,4.7222
Nawalpur,2023,4.7338
Nawalpur,2024,4.6802
Parbat,1984,4.9632
Parbat,1985,4.8626
Parbat,1986,4.8014
Parbat,1987,4.9116
Parbat,1988,4.9318
Parbat,1989,5.0208
Parbat,1990,4.8938
Parbat,1991,4.9562
Parbat,1992,5.1091
Parbat,1993,4.7954
Parbat,1994,5.0525
Parbat,1995,5.0102
Parbat,1996,4.951
Parbat,1997,4.7942
Parbat,1998,4.8019
Parbat,1999,4.9541
Parbat,2000,4.603
Parbat,2001,4.7863
Parbat,2002,4.542
Parbat,2003,4.614
Parbat,2004,4.578
Parbat,2005,4.5602
Parbat,2006,4.602
Parbat,2007,4.5924
Parbat,2008,4.625
Parbat,2009,4.9166
Parbat,2010,4.8984
Parbat,2011,4.6543
Parbat,2012,4.8072
Parbat,2013,4.585
Parbat,2014,4.8067
Parbat,2015,4.632
Parbat,2016,4.7028
Parbat,2017,4.5739
Parbat,2018,4.5295
Parbat,2019,4.4844
Parbat,2020,4.404
Parbat,2021,4.2955
Parbat,2022,4.3822
Parbat,2023,4.3699
Parbat,2024,4.447
Syangja,1984,4.9632
Syangja,1985,4.8626
Syangja,1986,4.8014
Syangja,1987,4.9116
Syangja,1988,4.9318
Syangja,1989,5.0208
Syangja,1990,4.8938
Syangja,1991,4.9562
Syangja,1992,5.1091
Syangja,1993,4.7954
Syangja,1994,5.0525
Syangja,1995,5.0102
Syangja,1996,4.951
Syangja,1997,4.7942
Syangja,1998,4.8019
Syangja,1999,4.9541
Syangja,2000,4.603
Syangja,2001,4.7863
Syangja,2002,4.542
Syangja,2003,4.614
Syangja,2004,4.578
Syangja,2005,4.5602
Syangja,2006,4.602
Syangja,2007,4.5924
Syangja,2008,4.625
Syangja,2009,4.9166
Syangja,2010,4.8984
Syangja,2011,4.6543
Syangja,2012,4.8072
Syangja,2013,4.585
Syangja,2014,4.8067
Syangja,2015,4.632
Syangja,2016,4.7028
Syangja,2017,4.5739
Syangja,2018,4.5295
Syangja,2019,4.4844
Syangja,2020,4.404
Syangja,2021,4.2955
Syangja,2022,4.3822
Syangja,2023,4.3699
Syangja,2024,4.447
Tanahun,1984,5.0095
Tanahun,1985,5.023
Tanahun,1986,5.1626
Tanahun,1987,4.9118
Tanahun,1988,4.9126
Tanahun,1989,5.0978
Tanahun,1990,4.9375
Tanahun,1991,4.8161
Tanahun,1992,5.125
Tanahun,1993,4.913
Tanahun,1994,5.1838
Tanahun,1995,5.1475
Tanahun,1996,5.0722
Tanahun,1997,5.0443
Tanahun,1998,4.9111
Tanahun,1999,5.1108
Tanahun,2000,4.8989
Tanahun,2001,5.0198
Tanahun,2002,4.8593
Tanahun,2003,4.9502
Tanahun,2004,4.8494
Tanahun,2005,4.9954
Tanahun,2006,4.9483
Tanahun,2007,4.7808
Tanahun,2008,4.8869
Tanahun,2009,5.1161
Tanahun,2010,4.9879
Tanahun,2011,4.8967
Tanahun,2012,5.0808
Tanahun,2013,4.8614
Tanahun,2014,4.9855
Tanahun,2015,4.8595
Tanahun,2016,4.7882
Tanahun,2017,4.8972
Tanahun,2018,4.8048
Tanahun,2019,4.757
Tanahun,2020,4.5466
Tanahun,2021,4.505
Tanahun,2022,4.7222
Tanahun,2023,4.7338
Tanahun,2024,4.6802
Arghakhanchi,1984,5.1655
Arghakhanchi,1985,5.2258
Arghakhanchi,1986,5.4065
Arghakhanchi,1987,5.1475
Arghakhanchi,1988,5.1005
Arghakhanchi,1989,5.2416
Arghakhanchi,1990,5.0863
Arghakhanchi,1991,5.0064
Arghakhanchi,1992,5.2265
Arghakhanchi,1993,5.0306
Arghakhanchi,1994,5.2178
Arghakhanchi,1995,5.3042
Arghakhanchi,1996,5.166
Arghakhanchi,1997,5.0431
Arghakhanchi,1998,4.968
Arghakhanchi,1999,5.1902
Arghakhanchi,2000,5.0786
Arghakhanchi,2001,5.0964
Arghakhanchi,2002,4.9951
Arghakhanchi,2003,5.0018
Arghakhanchi,2004,4.9649
Arghakhanchi,2005,5.065
Arghakhanchi,2006,5.0801
Arghakhanchi,2007,4.8655
Arghakhanchi,2008,4.9147
Arghakhanchi,2009,5.2075
Arghakhanchi,2010,5.0093
Arghakhanchi,2011,4.9481
Arghakhanchi,2012,5.1048
Arghakhanchi,2013,4.8847
Arghakhanchi,2014,5.0244
Arghakhanchi,2015,4.9092
Arghakhanchi,2016,4.8451
Arghakhanchi,2017,4.9073
Arghakhanchi,2018,4.8206
Arghakhanchi,2019,4.7633
Arghakhanchi,2020,4.5974
Arghakhanchi,2021,4.5187
Arghakhanchi,2022,4.7669
Arghakhanchi,2023,4.7911
Arghakhanchi,2024,4.6841
Banke,1984,4.6618
Banke,1985,4.7921
Banke,1986,4.8506
Banke,1987,4.8029
Banke,1988,4.655
Banke,1989,4.7594
Banke,1990,4.5562
Banke,1991,4.7371
Banke,1992,4.7419
Banke,1993,4.6145
Banke,1994,4.9092
Banke,1995,4.8401
Banke,1996,4.8317
Banke,1997,4.6946
Banke,1998,4.7165
Banke,1999,4.8406
Banke,2000,4.6946
Banke,2001,4.697
Banke,2002,4.722
Banke,2003,4.7345
Banke,2004,4.8058
Banke,2005,4.8036
Banke,2006,4.7779
Banke,2007,4.6404
Banke,2008,4.5672
Banke,2009,4.9006
Banke,2010,4.7388
Banke,2011,4.663
Banke,2012,4.7753
Banke,2013,4.5295
Banke,2014,4.7861
Banke,2015,4.6402
Banke,2016,4.6243
Banke,2017,4.6462
Banke,2018,4.6234
Banke,2019,4.5806
Banke,2020,4.5
Banke,2021,4.4261
Banke,2022,4.5458
Banke,2023,4.5269
Banke,2024,4.554
Bardiya,1984,4.6618
Bardiya,1985,4.7921
Bardiya,1986,4.8506
Bardiya,1987,4.8029
Bardiya,1988,4.655
Bardiya,1989,4.7594
Bardiya,1990,4.5562
Bardiya,1991,4.7371
Bardiya,1992,4.7419
Bardiya,1993,4.6145
Bardiya,1994,4.9092
Bardiya,1995,4.8401
Bardiya,1996,4.8317
Bardiya,1997,4.6946
Bardiya,1998,4.7165
Bardiya,1999,4.8406
Bardiya,2000,4.6946
Bardiya,2001,4.697
Bardiya,2002,4.722
Bardiya,2003,4.7345
Bardiya,2004,4.8058
Bardiya,2005,4.8036
Bardiya,2006,4.7779
Bardiya,2007,4.6404
Bardiya,2008,4.5672
Bardiya,2009,4.9006
Bardiya,2010,4.7388
Bardiya,2011,4.663
Bardiya,2012,4.7753
Bardiya,2013,4.5295
Bardiya,2014,4.7861
Bardiya,2015,4.6402
Bardiya,2016,4.6243
Bardiya,2017,4.6462
Bardiya,2018,4.6234
Bardiya,2019,4.5806
Bardiya,2020,4.5
Bardiya,2021,4.4261
Bardiya,2022,4.5458
Bardiya,2023,4.5269
Bardiya,2024,4.554
Dang,1984,5.1974
Dang,1985,5.3503
Dang,1986,5.4643
Dang,1987,5.2118
Dang,1988,5.1221
Dang,1989,5.2543
Dang,1990,5.1334
Dang,1991,5.1458
Dang,1992,5.2699
Dang,1993,5.0971
Dang,1994,5.2838
Dang,1995,5.2822
Dang,1996,5.179
Dang,1997,4.9771
Dang,1998,4.9313
Dang,1999,5.2013
Dang,2000,5.0911
Dang,2001,4.9951
Dang,2002,5.0568
Dang,2003,4.9577
Dang,2004,5.0539
Dang,2005,5.1065
Dang,2006,5.1151
Dang,2007,4.9445
Dang,2008,4.8799
Dang,2009,5.2243
Dang,2010,5.017
Dang,2011,4.951
Dang,2012,5.0765
Dang,2013,4.8365
Dang,2014,5.0549
Dang,2015,4.969
Dang,2016,4.8938
Dang,2017,4.9452
Dang,2018,4.8773
Dang,2019,4.8187
Dang,2020,4.6723
Dang,2021,4.5497
Dang,2022,4.8365
Dang,2023,4.781
Dang,2024,4.7525
Gulmi,1984,4.9632
Gulmi,1985,4.8626
Gulmi,1986,4.8014
Gulmi,1987,4.9116
Gulmi,1988,4.9318
Gulmi,1989,5.0208
Gulmi,1990,4.8938
Gulmi,1991,4.9562
Gulmi,1992,5.1091
Gulmi,1993,4.7954
Gulmi,1994,5.0525
Gulmi,1995,5.0102
Gulmi,1996,4.951
Gulmi,1997,4.7942
Gulmi,1998,4.8019
Gulmi,1999,4.9541
Gulmi,2000,4.603
Gulmi,2001,4.7863
Gulmi,2002,4.542
Gulmi,2003,4.614
Gulmi,2004,4.578
Gulmi,2005,4.5602
Gulmi,2006,4.602
Gulmi,2007,4.5924
Gulmi,2008,4.625
Gulmi,2009,4.9166
Gulmi,2010,4.8984
Gulmi,2011,4.6543
Gulmi,2012,4.8072
Gulmi,2013,4.585
Gulmi,2014,4.8067
Gulmi,2015,4.632
Gulmi,2016,4.7028
Gulmi,2017,4.5739
Gulmi,2018,4.5295
Gulmi,2019,4.4844
Gulmi,2020,4.404
Gulmi,2021,4.2955
Gulmi,2022,4.3822
Gulmi,2023,4.3699
Gulmi,2024,4.447
Kapilvastu,1984,5.1655
Kapilvastu,1985,5.2258
Kapilvastu,1986,5.4065
Kapilvastu,1987,5.1475
Kapilvastu,1988,5.1005
Kapilvastu,1989,5.2416
Kapilvastu,1990,5.0863
Kapilvastu,1991,5.0064
Kapilvastu,1992,5.2265
Kapilvastu,1993,5.0306
Kapilvastu,1994,5.2178
Kapilvastu,1995,5.3042
Kapilvastu,1996,5.166
Kapilvastu,1997,5.0431
Kapilvastu,1998,4.968
Kapilvastu,1999,5.1902
Kapilvastu,2000,5.0786
Kapilvastu,2001,5.0964
Kapilvastu,2002,4.9951
Kapilvastu,2003,5.0018
Kapilvastu,2004,4.9649
Kapilvastu,2005,5.065
Kapilvastu,2006,5.0801
Kapilvastu,2007,4.8655
Kapilvastu,2008,4.9147
Kapilvastu,2009,5.2075
Kapilvastu,2010,5.0093
Kapilvastu,2011,4.9481
Kapilvastu,2012,5.1048
Kapilvastu,2013,4.8847
Kapilvastu,2014,5.0244
Kapilvastu,2015,4.9092
Kapilvastu,2016,4.8451
Kapilvastu,2017,4.9073
Kapilvastu,2018,4.8206
Kapilvastu,2019,4.7633
Kapilvastu,2020,4.5974
Kapilvastu,2021,4.5187
Kapilvastu,2022,4.7669
Kapilvastu,2023,4.7911
Kapilvastu,2024,4.6841
Parasi,1984,5.1655
Parasi,1985,5.2258
Parasi,1986,5.4065
Parasi,1987,5.1475
Parasi,1988,5.1005
Parasi,1989,5.2416
Parasi,1990,5.0863
Parasi,1991,5.0064
Parasi,1992,5.2265
Parasi,1993,5.0306
Parasi,1994,5.2178
Parasi,1995,5.3042
Parasi,1996,5.166
Parasi,1997,5.0431
Parasi,1998,4.968
Parasi,1999,5.1902
Parasi,2000,5.0786
Parasi,2001,5.0964
Parasi,2002,4.9951
Parasi,2003,5.0018
Parasi,2004,4.9649
Parasi,2005,5.065
Parasi,2006,5.0801
Parasi,2007,4.8655
Parasi,2008,4.9147
Parasi,2009,5.2075
Parasi,2010,5.0093
Parasi,2011,4.9481
Parasi,2012,5.1048
Parasi,2013,4.8847
Parasi,2014,5.0244
Parasi,2015,4.9092
Parasi,2016,4.8451
Parasi,2017,4.9073
Parasi,2018,4.8206
Parasi,2019,4.7633
Parasi,2020,4.5974
Parasi,2021,4.5187
Parasi,2022,4.7669
Parasi,2023,4.7911
Parasi,2024,4.6841
Palpa,1984,5.1655
Palpa,1985,5.2258
Palpa,1986,5.4065
Palpa,1987,5.1475
Palpa,1988,5.1005
Palpa,1989,5.2416
Palpa,1990,5.0863
Palpa,1991,5.0064
Palpa,1992,5.2265
Palpa,1993,5.0306
Palpa,1994,5.2178
Palpa,1995,5.3042
Palpa,1996,5.166
Palpa,1997,5.0431
Palpa,1998,4.968
Palpa,1999,5.1902
Palpa,2000,5.0786
Palpa,2001,5.0964
Palpa,2002,4.9951
Palpa,2003,5.0018
Palpa,2004,4.9649
Palpa,2005,5.065
Palpa,2006,5.0801
Palpa,2007,4.8655
Palpa,2008,4.9147
Palpa,2009,5.2075
Palpa,2010,5.0093
Palpa,2011,4.9481
Palpa,2012,5.1048
Palpa,2013,4.8847
Palpa,2014,5.0244
Palpa,2015,4.9092
Palpa,2016,4.8451
Palpa,2017,4.9073
Palpa,2018,4.8206
Palpa,2019,4.7633
Palpa,2020,4.5974
Palpa,2021,4.5187
Palpa,2022,4.7669
Palpa,2023,4.7911
Palpa,2024,4.6841
Pyuthan,1984,4.8418
Pyuthan,1985,4.9202
Pyuthan,1986,4.987
Pyuthan,1987,4.9985
Pyuthan,1988,4.8106
Pyuthan,1989,4.9817
Pyuthan,1990,4.7954
Pyuthan,1991,5.047
Pyuthan,1992,5.0592
Pyuthan,1993,4.8204
Pyuthan,1994,5.106
Pyuthan,1995,5.0801
Pyuthan,1996,5.0995
Pyuthan,1997,5.0119
Pyuthan,1998,4.9591
Pyuthan,1999,4.8607
Pyuthan,2000,4.6598
Pyuthan,2001,4.625
Pyuthan,2002,4.5708
Pyuthan,2003,4.7388
Pyuthan,2004,4.7443
Pyuthan,2005,4.7275
Pyuthan,2006,4.6932
Pyuthan,2007,4.686
Pyuthan,2008,4.7136
Pyuthan,2009,5.0045
Pyuthan,2010,4.9368
Pyuthan,2011,4.7237
Pyuthan,2012,4.8866
Pyuthan,2013,4.602
Pyuthan,2014,4.9642
Pyuthan,2015,4.7806
Pyuthan,2016,4.7227
Pyuthan,2017,4.7095
Pyuthan,2018,4.7004
Pyuthan,2019,4.6123
Pyuthan,2020,4.5326
Pyuthan,2021,4.4494
Pyuthan,2022,4.6037
Pyuthan,2023,4.5492
Pyuthan,2024,4.6721
Rolpa,1984,4.8418
Rolpa,1985,4.9202
Rolpa,1986,4.987
Rolpa,1987,4.9985
Rolpa,1988,4.8106
Rolpa,1989,4.9817
Rolpa,1990,4.7954
Rolpa,1991,5.047
Rolpa,1992,5.0592
Rolpa,1993,4.8204
Rolpa,1994,5.106
Rolpa,1995,5.0801
Rolpa,1996,5.0995
Rolpa,1997,5.0119
Rolpa,1998,4.9591
Rolpa,1999,4.8607
Rolpa,2000,4.6598
Rolpa,2001,4.625
Rolpa,2002,4.5708
Rolpa,2003,4.7388
Rolpa,2004,4.7443
Rolpa,2005,4.7275
Rolpa,2006,4.6932
Rolpa,2007,4.686
Rolpa,2008,4.7136
Rolpa,2009,5.0045
Rolpa,2010,4.9368
Rolpa,2011,4.7237
Rolpa,2012,4.8866
Rolpa,2013,4.602
Rolpa,2014,4.9642
Rolpa,2015,4.7806
Rolpa,2016,4.7227
Rolpa,2017,4.7095
Rolpa,2018,4.7004
Rolpa,2019,4.6123
Rolpa,2020,4.5326
Rolpa,2021,4.4494
Rolpa,2022,4.6037
Rolpa,2023,4.5492
Rolpa,2024,4.6721
Rukum East,1984,4.8418
Rukum East,1985,4.9202
Rukum East,1986,4.987
Rukum East,1987,4.9985
Rukum East,1988,4.8106
Rukum East,1989,4.9817
Rukum East,1990,4.7954
Rukum East,1991,5.047
Rukum East,1992,5.0592
Rukum East,1993,4.8204
Rukum East,1994,5.106
Rukum East,1995,5.0801
Rukum East,1996,5.0995
Rukum East,1997,5.0119
Rukum East,1998,4.9591
Rukum East,1999,4.8607
Rukum East,2000,4.6598
Rukum East,2001,4.625
Rukum East,2002,4.5708
Rukum East,2003,4.7388
Rukum East,2004,4.7443
Rukum East,2005,4.7275
Rukum East,2006,4.6932
Rukum East,2007,4.686
Rukum East,2008,4.7136
Rukum East,2009,5.0045
Rukum East,2010,4.9368
Rukum East,2011,4.7237
Rukum East,2012,4.8866
Rukum East,2013,4.602
Rukum East,2014,4.9642
Rukum East,2015,4.7806
Rukum East,2016,4.7227
Rukum East,2017,4.7095
Rukum East,2018,4.7004
Rukum East,2019,4.6123
Rukum East,2020,4.5326
Rukum East,2021,4.4494
Rukum East,2022,4.6037
Rukum East,2023,4.5492
Rukum East,2024,4.6721
Rupandehi,1984,5.1655
Rupandehi,1985,5.2258
Rupandehi,1986,5.4065
Rupandehi,1987,5.1475
Rupandehi,1988,5.1005
Rupandehi,1989,5.2416
Rupandehi,1990,5.0863
Rupandehi,1991,5.0064
Rupandehi,1992,5.2265
Rupandehi,1993,5.0306
Rupandehi,1994,5.2178
Rupandehi,1995,5.3042
Rupandehi,1996,5.166
Rupandehi,1997,5.0431
Rupandehi,1998,4.968
Rupandehi,1999,5.1902
Rupandehi,2000,5.0786
Rupandehi,2001,5.0964
Rupandehi,2002,4.9951
Rupandehi,2003,5.0018
Rupandehi,2004,4.9649
Rupandehi,2005,5.065
Rupandehi,2006,5.0801
Rupandehi,2007,4.8655
Rupandehi,2008,4.9147
Rupandehi,2009,5.2075
Rupandehi,2010,5.0093
Rupandehi,2011,4.9481
Rupandehi,2012,5.1048
Rupandehi,2013,4.8847
Rupandehi,2014,5.0244
Rupandehi,2015,4.9092
Rupandehi,2016,4.8451
Rupandehi,2017,4.9073
Rupandehi,2018,4.8206
Rupandehi,2019,4.7633
Rupandehi,2020,4.5974
Rupandehi,2021,4.5187
Rupandehi,2022,4.7669
Rupandehi,2023,4.7911
Rupandehi,2024,4.6841
Dailekh,1984,4.6618
Dailekh,1985,4.7921
Dailekh,1986,4.8506
Dailekh,1987,4.8029
Dailekh,1988,4.655
Dailekh,1989,4.7594
Dailekh,1990,4.5562
Dailekh,1991,4.7371
Dailekh,1992,4.7419
Dailekh,1993,4.6145
Dailekh,1994,4.9092
Dailekh,1995,4.8401
Dailekh,1996,4.8317
Dailekh,1997,4.6946
Dailekh,1998,4.7165
Dailekh,1999,4.8406
Dailekh,2000,4.6946
Dailekh,2001,4.697
Dailekh,2002,4.722
Dailekh,2003,4.7345
Dailekh,2004,4.8058
Dailekh,2005,4.8036
Dailekh,2006,4.7779
Dailekh,2007,4.6404
Dailekh,2008,4.5672
Dailekh,2009,4.9006
Dailekh,2010,4.7388
Dailekh,2011,4.663
Dailekh,2012,4.7753
Dailekh,2013,4.5295
Dailekh,2014,4.7861
Dailekh,2015,4.6402
Dailekh,2016,4.6243
Dailekh,2017,4.6462
Dailekh,2018,4.6234
Dailekh,2019,4.5806
Dailekh,2020,4.5
Dailekh,2021,4.4261
Dailekh,2022,4.5458
Dailekh,2023,4.5269
Dailekh,2024,4.554
Dolpa,1984,5.8582
Dolpa,1985,5.5514
Dolpa,1986,5.6414
Dolpa,1987,5.4991
Dolpa,1988,5.503
Dolpa,1989,5.6342
Dolpa,1990,5.5637
Dolpa,1991,5.6875
Dolpa,1992,5.705
Dolpa,1993,5.6594
Dolpa,1994,5.8102
Dolpa,1995,5.6023
Dolpa,1996,5.2898
Dolpa,1997,5.4389
Dolpa,1998,5.5356
Dolpa,1999,5.8999
Dolpa,2000,5.6978
Dolpa,2001,5.7701
Dolpa,2002,5.6772
Dolpa,2003,5.7588
Dolpa,2004,5.9662
Dolpa,2005,5.5507
Dolpa,2006,5.5586
Dolpa,2007,5.651
Dolpa,2008,5.6482
Dolpa,2009,6.0982
Dolpa,2010,5.9815
Dolpa,2011,5.7331
Dolpa,2012,5.7811
Dolpa,2013,5.5776
Dolpa,2014,5.8164
Dolpa,2015,5.7322
Dolpa,2016,5.8668
Dolpa,2017,5.519
Dolpa,2018,5.7953
Dolpa,2019,5.7043
Dolpa,2020,5.9004
Dolpa,2021,5.6006
Dolpa,2022,5.7175
Dolpa,2023,5.6338
Dolpa,2024,5.657
Humla,1984,4.9877
Humla,1985,4.8307
Humla,1986,5.0119
Humla,1987,5.0374
Humla,1988,4.8876
Humla,1989,4.9697
Humla,1990,4.8005
Humla,1991,4.9663
Humla,1992,4.9932
Humla,1993,4.879
Humla,1994,5.0806
Humla,1995,4.9975
Humla,1996,4.9373
Humla,1997,4.8744
Humla,1998,4.896
Humla,1999,5.0558
Humla,2000,4.7376
Humla,2001,4.9025
Humla,2002,4.7537
Humla,2003,4.9082
Humla,2004,4.9349
Humla,2005,4.7431
Humla,2006,4.8166
Humla,2007,4.734
Humla,2008,4.6301
Humla,2009,5.0287
Humla,2010,4.9757
Humla,2011,4.7074
Humla,2012,4.8108
Humla,2013,4.7028
Humla,2014,4.9114
Humla,2015,4.8595
Humla,2016,4.9073
Humla,2017,4.7357
Humla,2018,4.8247
Humla,2019,4.6589
Humla,2020,4.7119
Humla,2021,4.6507
Humla,2022,4.6426
Humla,2023,4.5154
Humla,2024,4.7292
Jajarkot,1984,4.8418
Jajarkot,1985,4.9202
Jajarkot,1986,4.987
Jajarkot,1987,4.9985
Jajarkot,1988,4.8106
Jajarkot,1989,4.9817
Jajarkot,1990,4.7954
Jajarkot,1991,5.047
Jajarkot,1992,5.0592
Jajarkot,1993,4.8204
Jajarkot,1994,5.106
Jajarkot,1995,5.0801
Jajarkot,1996,5.0995
Jajarkot,1997,5.0119
Jajarkot,1998,4.9591
Jajarkot,1999,4.8607
Jajarkot,2000,4.6598
Jajarkot,2001,4.625
Jajarkot,2002,4.5708
Jajarkot,2003,4.7388
Jajarkot,2004,4.7443
Jajarkot,2005,4.7275
Jajarkot,2006,4.6932
Jajarkot,2007,4.686
Jajarkot,2008,4.7136
Jajarkot,2009,5.0045
Jajarkot,2010,4.9368
Jajarkot,2011,4.7237
Jajarkot,2012,4.8866
Jajarkot,2013,4.602
Jajarkot,2014,4.9642
Jajarkot,2015,4.7806
Jajarkot,2016,4.7227
Jajarkot,2017,4.7095
Jajarkot,2018,4.7004
Jajarkot,2019,4.6123
Jajarkot,2020,4.5326
Jajarkot,2021,4.4494
Jajarkot,2022,4.6037
Jajarkot,2023,4.5492
Jajarkot,2024,4.6721
Jumla,1984,5.5452
Jumla,1985,5.3057
Jumla,1986,5.3515
Jumla,1987,5.4571
Jumla,1988,5.4607
Jumla,1989,5.5027
Jumla,1990,5.3018
Jumla,1991,5.412
Jumla,1992,5.5241
Jumla,1993,5.3988
Jumla,1994,5.5932
Jumla,1995,5.4821
Jumla,1996,5.4067
Jumla,1997,5.245
Jumla,1998,5.177
Jumla,1999,5.3674
Jumla,2000,5.1122
Jumla,2001,5.1319
Jumla,2002,5.0554
Jumla,2003,5.1149
Jumla,2004,5.2109
Jumla,2005,5.0023
Jumla,2006,4.9963
Jumla,2007,5.0417
Jumla,2008,4.997
Jumla,2009,5.3366
Jumla,2010,5.2766
Jumla,2011,5.0496
Jumla,2012,5.1403
Jumla,2013,4.9774
Jumla,2014,5.2212
Jumla,2015,5.3448
Jumla,2016,5.2116
Jumla,2017,4.9176
Jumla,2018,5.167
Jumla,2019,5.0191
Jumla,2020,5.1187
Jumla,2021,4.9567
Jumla,2022,5.0045
Jumla,2023,4.9526
Jumla,2024,4.9752
Kalikot,1984,4.9877
Kalikot,1985,4.8307
Kalikot,1986,5.0119
Kalikot,1987,5.0374
Kalikot,1988,4.8876
Kalikot,1989,4.9697
Kalikot,1990,4.8005
Kalikot,1991,4.9663
Kalikot,1992,4.9932
Kalikot,1993,4.879
Kalikot,1994,5.0806
Kalikot,1995,4.9975
Kalikot,1996,4.9373
Kalikot,1997,4.8744
Kalikot,1998,4.896
Kalikot,1999,5.0558
Kalikot,2000,4.7376
Kalikot,2001,4.9025
Kalikot,2002,4.7537
Kalikot,2003,4.9082
Kalikot,2004,4.9349
Kalikot,2005,4.7431
Kalikot,2006,4.8166
Kalikot,2007,4.734
Kalikot,2008,4.6301
Kalikot,2009,5.0287
Kalikot,2010,4.9757
Kalikot,2011,4.7074
Kalikot,2012,4.8108
Kalikot,2013,4.7028
Kalikot,2014,4.9114
Kalikot,2015,4.8595
Kalikot,2016,4.9073
Kalikot,2017,4.7357
Kalikot,2018,4.8247
Kalikot,2019,4.6589
Kalikot,2020,4.7119
Kalikot,2021,4.6507
Kalikot,2022,4.6426
Kalikot,2023,4.5154
Kalikot,2024,4.7292
Mugu,1984,5.5452
Mugu,1985,5.3057
Mugu,1986,5.3515
Mugu,1987,5.4571
Mugu,1988,5.4607
Mugu,1989,5.5027
Mugu,1990,5.3018
Mugu,1991,5.412
Mugu,1992,5.5241
Mugu,1993,5.3988
Mugu,1994,5.5932
Mugu,1995,5.4821
Mugu,1996,5.4067
Mugu,1997,5.245
Mugu,1998,5.177
Mugu,1999,5.3674
Mugu,2000,5.1122
Mugu,2001,5.1319
Mugu,2002,5.0554
Mugu,2003,5.1149
Mugu,2004,5.2109
Mugu,2005,5.0023
Mugu,2006,4.9963
Mugu,2007,5.0417
Mugu,2008,4.997
Mugu,2009,5.3366
Mugu,2010,5.2766
Mugu,2011,5.0496
Mugu,2012,5.1403
Mugu,2013,4.9774
Mugu,2014,5.2212
Mugu,2015,5.3448
Mugu,2016,5.2116
Mugu,2017,4.9176
Mugu,2018,5.167
Mugu,2019,5.0191
Mugu,2020,5.1187
Mugu,2021,4.9567
Mugu,2022,5.0045
Mugu,2023,4.9526
Mugu,2024,4.9752
Rukum West,1984,4.8418
Rukum West,1985,4.9202
Rukum West,1986,4.987
Rukum West,1987,4.9985
Rukum West,1988,4.8106
Rukum West,1989,4.9817
Rukum West,1990,4.7954
Rukum West,1991,5.047
Rukum West,1992,5.0592
Rukum West,1993,4.8204
Rukum West,1994,5.106
Rukum West,1995,5.0801
Rukum West,1996,5.0995
Rukum West,1997,5.0119
Rukum West,1998,4.9591
Rukum West,1999,4.8607
Rukum West,2000,4.6598
Rukum West,2001,4.625
Rukum West,2002,4.5708
Rukum West,2003,4.7388
Rukum West,2004,4.7443
Rukum West,2005,4.7275
Rukum West,2006,4.6932
Rukum West,2007,4.686
Rukum West,2008,4.7136
Rukum West,2009,5.0045
Rukum West,2010,4.9368
Rukum West,2011,4.7237
Rukum West,2012,4.8866
Rukum West,2013,4.602
Rukum West,2014,4.9642
Rukum West,2015,4.7806
Rukum West,2016,4.7227
Rukum West,2017,4.7095
Rukum West,2018,4.7004
Rukum West,2019,4.6123
Rukum West,2020,4.5326
Rukum West,2021,4.4494
Rukum West,2022,4.6037
Rukum West,2023,4.5492
Rukum West,2024,4.6721
Salyan,1984,4.8418
Salyan,1985,4.9202
Salyan,1986,4.987
Salyan,1987,4.9985
Salyan,1988,4.8106
Salyan,1989,4.9817
Salyan,1990,4.7954
Salyan,1991,5.047
Salyan,1992,5.0592
Salyan,1993,4.8204
Salyan,1994,5.106
Salyan,1995,5.0801
Salyan,1996,5.0995
Salyan,1997,5.0119
Salyan,1998,4.9591
Salyan,1999,4.8607
Salyan,2000,4.6598
Salyan,2001,4.625
Salyan,2002,4.5708
Salyan,2003,4.7388
Salyan,2004,4.7443
Salyan,2005,4.7275
Salyan,2006,4.6932
Salyan,2007,4.686
Salyan,2008,4.7136
Salyan,2009,5.0045
Salyan,2010,4.9368
Salyan,2011,4.7237
Salyan,2012,4.8866
Salyan,2013,4.602
Salyan,2014,4.9642
Salyan,2015,4.7806
Salyan,2016,4.7227
Salyan,2017,4.7095
Salyan,2018,4.7004
Salyan,2019,4.6123
Salyan,2020,4.5326
Salyan,2021,4.4494
Salyan,2022,4.6037
Salyan,2023,4.5492
Salyan,2024,4.6721
Surkhet,1984,4.6618
Surkhet,1985,4.7921
Surkhet,1986,4.8506
Surkhet,1987,4.8029
Surkhet,1988,4.655
Surkhet,1989,4.7594
Surkhet,1990,4.5562
Surkhet,1991,4.7371
Surkhet,1992,4.7419
Surkhet,1993,4.6145
Surkhet,1994,4.9092
Surkhet,1995,4.8401
Surkhet,1996,4.8317
Surkhet,1997,4.6946
Surkhet,1998,4.7165
Surkhet,1999,4.8406
Surkhet,2000,4.6946
Surkhet,2001,4.697
Surkhet,2002,4.722
Surkhet,2003,4.7345
Surkhet,2004,4.8058
Surkhet,2005,4.8036
Surkhet,2006,4.7779
Surkhet,2007,4.6404
Surkhet,2008,4.5672
Surkhet,2009,4.9006
Surkhet,2010,4.7388
Surkhet,2011,4.663
Surkhet,2012,4.7753
Surkhet,2013,4.5295
Surkhet,2014,4.7861
Surkhet,2015,4.6402
Surkhet,2016,4.6243
Surkhet,2017,4.6462
Surkhet,2018,4.6234
Surkhet,2019,4.5806
Surkhet,2020,4.5
Surkhet,2021,4.4261
Surkhet,2022,4.5458
Surkhet,2023,4.5269
Surkhet,2024,4.554
Achham,1984,4.9877
Achham,1985,4.8307
Achham,1986,5.0119
Achham,1987,5.0374
Achham,1988,4.8876
Achham,1989,4.9697
Achham,1990,4.8005
Achham,1991,4.9663
Achham,1992,4.9932
Achham,1993,4.879
Achham,1994,5.0806
Achham,1995,4.9975
Achham,1996,4.9373
Achham,1997,4.8744
Achham,1998,4.896
Achham,1999,5.0558
Achham,2000,4.7376
Achham,2001,4.9025
Achham,2002,4.7537
Achham,2003,4.9082
Achham,2004,4.9349
Achham,2005,4.7431
Achham,2006,4.8166
Achham,2007,4.734
Achham,2008,4.6301
Achham,2009,5.0287
Achham,2010,4.9757
Achham,2011,4.7074
Achham,2012,4.8108
Achham,2013,4.7028
Achham,2014,4.9114
Achham,2015,4.8595
Achham,2016,4.9073
Achham,2017,4.7357
Achham,2018,4.8247
Achham,2019,4.6589
Achham,2020,4.7119
Achham,2021,4.6507
Achham,2022,4.6426
Achham,2023,4.5154
Achham,2024,4.7292
Baitadi,1984,5.0976
Baitadi,1985,5.2092
Baitadi,1986,5.2147
Baitadi,1987,5.2207
Baitadi,1988,4.979
Baitadi,1989,5.0791
Baitadi,1990,4.8883
Baitadi,1991,5.1007
Baitadi,1992,5.0942
Baitadi,1993,5.0042
Baitadi,1994,5.2663
Baitadi,1995,5.1161
Baitadi,1996,5.0906
Baitadi,1997,4.9536
Baitadi,1998,5.1089
Baitadi,1999,5.1991
Baitadi,2000,4.8778
Baitadi,2001,5.0774
Baitadi,2002,4.9714
Baitadi,2003,5.1154
Baitadi,2004,5.1636
Baitadi,2005,5.0282
Baitadi,2006,5.041
Baitadi,2007,4.9622
Baitadi,2008,4.8725
Baitadi,2009,5.2745
Baitadi,2010,5.1506
Baitadi,2011,4.95
Baitadi,2012,5.0402
Baitadi,2013,4.9486
Baitadi,2014,5.1211
Baitadi,2015,5.0299
Baitadi,2016,5.0702
Baitadi,2017,5.0138
Baitadi,2018,5.0126
Baitadi,2019,4.9157
Baitadi,2020,4.9723
Baitadi,2021,4.9661
Baitadi,2022,4.9675
Baitadi,2023,4.8895
Baitadi,2024,4.9615
Bajhang,1984,4.9877
Bajhang,1985,4.8307
Bajhang,1986,5.0119
Bajhang,1987,5.0374
Bajhang,1988,4.8876
Bajhang,1989,4.9697
Bajhang,1990,4.8005
Bajhang,1991,4.9663
Bajhang,1992,4.9932
Bajhang,1993,4.879
Bajhang,1994,5.0806
Bajhang,1995,4.9975
Bajhang,1996,4.9373
Bajhang,1997,4.8744
Bajhang,1998,4.896
Bajhang,1999,5.0558
Bajhang,2000,4.7376
Bajhang,2001,4.9025
Bajhang,2002,4.7537
Bajhang,2003,4.9082
Bajhang,2004,4.9349
Bajhang,2005,4.7431
Bajhang,2006,4.8166
Bajhang,2007,4.734
Bajhang,2008,4.6301
Bajhang,2009,5.0287
Bajhang,2010,4.9757
Bajhang,2011,4.7074
Bajhang,2012,4.8108
Bajhang,2013,4.7028
Bajhang,2014,4.9114
Bajhang,2015,4.8595
Bajhang,2016,4.9073
Bajhang,2017,4.7357
Bajhang,2018,4.8247
Bajhang,2019,4.6589
Bajhang,2020,4.7119
Bajhang,2021,4.6507
Bajhang,2022,4.6426
Bajhang,2023,4.5154
Bajhang,2024,4.7292
Bajura,1984,4.9877
Bajura,1985,4.8307
Bajura,1986,5.0119
Bajura,1987,5.0374
Bajura,1988,4.8876
Bajura,1989,4.9697
Bajura,1990,4.8005
Bajura,1991,4.9663
Bajura,1992,4.9932
Bajura,1993,4.879
Bajura,1994,5.0806
Bajura,1995,4.9975
Bajura,1996,4.9373
Bajura,1997,4.8744
Bajura,1998,4.896
Bajura,1999,5.0558
Bajura,2000,4.7376
Bajura,2001,4.9025
Bajura,2002,4.7537
Bajura,2003,4.9082
Bajura,2004,4.9349
Bajura,2005,4.7431
Bajura,2006,4.8166
Bajura,2007,4.734
Bajura,2008,4.6301
Bajura,2009,5.0287
Bajura,2010,4.9757
Bajura,2011,4.7074
Bajura,2012,4.8108
Bajura,2013,4.7028
Bajura,2014,4.9114
Bajura,2015,4.8595
Bajura,2016,4.9073
Bajura,2017,4.7357
Bajura,2018,4.8247
Bajura,2019,4.6589
Bajura,2020,4.7119
Bajura,2021,4.6507
Bajura,2022,4.6426
Bajura,2023,4.5154
Bajura,2024,4.7292
Dadeldhura,1984,5.0976
Dadeldhura,1985,5.2092
Dadeldhura,1986,5.2147
Dadeldhura,1987,5.2207
Dadeldhura,1988,4.979
Dadeldhura,1989,5.0791
Dadeldhura,1990,4.8883
Dadeldhura,1991,5.1007
Dadeldhura,1992,5.0942
Dadeldhura,1993,5.0042
Dadeldhura,1994,5.2663
Dadeldhura,1995,5.1161
Dadeldhura,1996,5.0906
Dadeldhura,1997,4.9536
Dadeldhura,1998,5.1089
Dadeldhura,1999,5.1991
Dadeldhura,2000,4.8778
Dadeldhura,2001,5.0774
Dadeldhura,2002,4.9714
Dadeldhura,2003,5.1154
Dadeldhura,2004,5.1636
Dadeldhura,2005,5.0282
Dadeldhura,2006,5.041
Dadeldhura,2007,4.9622
Dadeldhura,2008,4.8725
Dadeldhura,2009,5.2745
Dadeldhura,2010,5.1506
Dadeldhura,2011,4.95
Dadeldhura,2012,5.0402
Dadeldhura,2013,4.9486
Dadeldhura,2014,5.1211
Dadeldhura,2015,5.0299
Dadeldhura,2016,5.0702
Dadeldhura,2017,5.0138
Dadeldhura,2018,5.0126
Dadeldhura,2019,4.9157
Dadeldhura,2020,4.9723
Dadeldhura,2021,4.9661
Dadeldhura,2022,4.9675
Dadeldhura,2023,4.8895
Dadeldhura,2024,4.9615
Darchula,1984,5.0976
Darchula,1985,5.2092
Darchula,1986,5.2147
Darchula,1987,5.2207
Darchula,1988,4.979
Darchula,1989,5.0791
Darchula,1990,4.8883
Darchula,1991,5.1007
Darchula,1992,5.0942
Darchula,1993,5.0042
Darchula,1994,5.2663
Darchula,1995,5.1161
Darchula,1996,5.0906
Darchula,1997,4.9536
Darchula,1998,5.1089
Darchula,1999,5.1991
Darchula,2000,4.8778
Darchula,2001,5.0774
Darchula,2002,4.9714
Darchula,2003,5.1154
Darchula,2004,5.1636
Darchula,2005,5.0282
Darchula,2006,5.041
Darchula,2007,4.9622
Darchula,2008,4.8725
Darchula,2009,5.2745
Darchula,2010,5.1506
Darchula,2011,4.95
Darchula,2012,5.0402
Darchula,2013,4.9486
Darchula,2014,5.1211
Darchula,2015,5.0299
Darchula,2016,5.0702
Darchula,2017,5.0138
Darchula,2018,5.0126
Darchula,2019,4.9157
Darchula,2020,4.9723
Darchula,2021,4.9661
Darchula,2022,4.9675
Darchula,2023,4.8895
Darchula,2024,4.9615
Doti,1984,5.0976
Doti,1985,5.2092
Doti,1986,5.2147
Doti,1987,5.2207
Doti,1988,4.979
Doti,1989,5.0791
Doti,1990,4.8883
Doti,1991,5.1007
Doti,1992,5.0942
Doti,1993,5.0042
Doti,1994,5.2663
Doti,1995,5.1161
Doti,1996,5.0906
Doti,1997,4.9536
Doti,1998,5.1089
Doti,1999,5.1991
Doti,2000,4.8778
Doti,2001,5.0774
Doti,2002,4.9714
Doti,2003,5.1154
Doti,2004,5.1636
Doti,2005,5.0282
Doti,2006,5.041
Doti,2007,4.9622
Doti,2008,4.8725
Doti,2009,5.2745
Doti,2010,5.1506
Doti,2011,4.95
Doti,2012,5.0402
Doti,2013,4.9486
Doti,2014,5.1211
Doti,2015,5.0299
Doti,2016,5.0702
Doti,2017,5.0138
Doti,2018,5.0126
Doti,2019,4.9157
Doti,2020,4.9723
Doti,2021,4.9661
Doti,2022,4.9675
Doti,2023,4.8895
Doti,2024,4.9615
Kailali,1984,4.8653
Kailali,1985,4.9303
Kailali,1986,4.9678
Kailali,1987,4.9284
Kailali,1988,4.7556
Kailali,1989,4.8766
Kailali,1990,4.6469
Kailali,1991,4.903
Kailali,1992,4.8492
Kailali,1993,4.775
Kailali,1994,4.9774
Kailali,1995,4.9279
Kailali,1996,4.8278
Kailali,1997,4.6721
Kailali,1998,4.7609
Kailali,1999,4.9668
Kailali,2000,4.8053
Kailali,2001,4.8127
Kailali,2002,4.8648
Kailali,2003,4.7146
Kailali,2004,4.8876
Kailali,2005,4.9142
Kailali,2006,4.921
Kailali,2007,4.728
Kailali,2008,4.6109
Kailali,2009,5.0033
Kailali,2010,4.751
Kailali,2011,4.667
Kailali,2012,4.8034
Kailali,2013,4.6166
Kailali,2014,4.7964
Kailali,2015,4.7225
Kailali,2016,4.6663
Kailali,2017,4.7191
Kailali,2018,4.6054
Kailali,2019,4.6291
Kailali,2020,4.5655
Kailali,2021,4.5266
Kailali,2022,4.6164
Kailali,2023,4.549
Kailali,2024,4.549
Kanchanpur,1984,4.8653
Kanchanpur,1985,4.9303
Kanchanpur,1986,4.9678
Kanchanpur,1987,4.9284
Kanchanpur,1988,4.7556
Kanchanpur,1989,4.8766
Kanchanpur,1990,4.6469
Kanchanpur,1991,4.903
Kanchanpur,1992,4.8492
Kanchanpur,1993,4.775
Kanchanpur,1994,4.9774
Kanchanpur,1995,4.9279
Kanchanpur,1996,4.8278
Kanchanpur,1997,4.6721
Kanchanpur,1998,4.7609
Kanchanpur,1999,4.9668
Kanchanpur,2000,4.8053
Kanchanpur,2001,4.8127
Kanchanpur,2002,4.8648
Kanchanpur,2003,4.7146
Kanchanpur,2004,4.8876
Kanchanpur,2005,4.9142
Kanchanpur,2006,4.921
Kanchanpur,2007,4.728
Kanchanpur,2008,4.6109
Kanchanpur,2009,5.0033
Kanchanpur,2010,4.751
Kanchanpur,2011,4.667
Kanchanpur,2012,4.8034
Kanchanpur,2013,4.6166
Kanchanpur,2014,4.7964
Kanchanpur,2015,4.7225
Kanchanpur,2016,4.6663
Kanchanpur,2017,4.7191
Kanchanpur,2018,4.6054
Kanchanpur,2019,4.6291
Kanchanpur,2020,4.5655
Kanchanpur,2021,4.5266
Kanchanpur,2022,4.6164
Kanchanpur,2023,4.549
Kanchanpur,2024,4.549
